all	0	900193	1219869	0.7379423
all	1	54794	1219869	0.0449179
all	2	62193	1219869	0.0509833
all	3	18483	1219869	0.0151516
all	4	19329	1219869	0.0158451
all	5	13033	1219869	0.0106839
all	6	11166	1219869	0.0091534
all	7	10340	1219869	0.0084763
all	8	9797	1219869	0.0080312
all	9	9217	1219869	0.0075557
all	10	8672	1219869	0.0071090
all	11	7776	1219869	0.0063745
all	12	7751	1219869	0.0063540
all	13	7189	1219869	0.0058933
all	14	6237	1219869	0.0051128
all	15	5620	1219869	0.0046071
all	16	4718	1219869	0.0038676
all	17	4104	1219869	0.0033643
all	18	3717	1219869	0.0030470
all	19	3919	1219869	0.0032126
all	20	3024	1219869	0.0024790
all	21	3135	1219869	0.0025699
all	22	2988	1219869	0.0024494
all	23	2544	1219869	0.0020855
all	24	3238	1219869	0.0026544
all	25	1881	1219869	0.0015420
all	26	2068	1219869	0.0016953
all	27	1997	1219869	0.0016371
all	28	1538	1219869	0.0012608
all	29	1662	1219869	0.0013624
all	30	1494	1219869	0.0012247
all	31	1613	1219869	0.0013223
all	32	1536	1219869	0.0012592
all	33	1029	1219869	0.0008435
all	34	958	1219869	0.0007853
all	35	884	1219869	0.0007247
all	36	1202	1219869	0.0009854
all	37	508	1219869	0.0004164
all	38	942	1219869	0.0007722
all	39	972	1219869	0.0007968
all	40	703	1219869	0.0005763
all	41	510	1219869	0.0004181
all	42	678	1219869	0.0005558
all	43	620	1219869	0.0005083
all	44	577	1219869	0.0004730
all	45	588	1219869	0.0004820
all	46	552	1219869	0.0004525
all	47	415	1219869	0.0003402
all	48	413	1219869	0.0003386
all	49	507	1219869	0.0004156
all	50	453	1219869	0.0003714
all	51	452	1219869	0.0003705
all	52	525	1219869	0.0004304
all	53	323	1219869	0.0002648
all	54	195	1219869	0.0001599
all	55	273	1219869	0.0002238
all	56	279	1219869	0.0002287
all	57	217	1219869	0.0001779
all	58	269	1219869	0.0002205
all	59	314	1219869	0.0002574
all	60	349	1219869	0.0002861
all	61	264	1219869	0.0002164
all	62	102	1219869	0.0000836
all	63	151	1219869	0.0001238
all	64	112	1219869	0.0000918
all	65	164	1219869	0.0001344
all	66	221	1219869	0.0001812
all	67	210	1219869	0.0001721
all	68	232	1219869	0.0001902
all	69	150	1219869	0.0001230
all	70	184	1219869	0.0001508
all	71	103	1219869	0.0000844
all	72	81	1219869	0.0000664
all	73	110	1219869	0.0000902
all	74	58	1219869	0.0000475
all	75	125	1219869	0.0001025
all	76	85	1219869	0.0000697
all	77	122	1219869	0.0001000
all	78	124	1219869	0.0001017
all	79	115	1219869	0.0000943
all	80	171	1219869	0.0001402
all	81	82	1219869	0.0000672
all	82	104	1219869	0.0000853
all	83	61	1219869	0.0000500
all	84	92	1219869	0.0000754
all	85	78	1219869	0.0000639
all	86	76	1219869	0.0000623
all	87	109	1219869	0.0000894
all	88	64	1219869	0.0000525
all	89	83	1219869	0.0000680
all	90	47	1219869	0.0000385
all	91	42	1219869	0.0000344
all	92	80	1219869	0.0000656
all	93	45	1219869	0.0000369
all	94	113	1219869	0.0000926
all	95	61	1219869	0.0000500
all	96	60	1219869	0.0000492
all	97	130	1219869	0.0001066
all	98	17	1219869	0.0000139
all	99	7	1219869	0.0000057
all	100	56	1219869	0.0000459
all	101	48	1219869	0.0000393
all	102	42	1219869	0.0000344
all	103	23	1219869	0.0000189
all	104	35	1219869	0.0000287
all	105	36	1219869	0.0000295
all	106	54	1219869	0.0000443
all	107	39	1219869	0.0000320
all	108	27	1219869	0.0000221
all	109	55	1219869	0.0000451
all	110	60	1219869	0.0000492
all	111	48	1219869	0.0000393
all	112	4	1219869	0.0000033
all	113	29	1219869	0.0000238
all	114	22	1219869	0.0000180
all	115	54	1219869	0.0000443
all	116	11	1219869	0.0000090
all	117	16	1219869	0.0000131
all	118	3	1219869	0.0000025
all	119	17	1219869	0.0000139
all	120	23	1219869	0.0000189
all	121	12	1219869	0.0000098
all	122	42	1219869	0.0000344
all	123	50	1219869	0.0000410
all	124	64	1219869	0.0000525
all	125	79	1219869	0.0000648
all	126	12	1219869	0.0000098
all	127	4	1219869	0.0000033
all	128	13	1219869	0.0000107
all	129	28	1219869	0.0000230
all	130	107	1219869	0.0000877
all	131	35	1219869	0.0000287
all	132	23	1219869	0.0000189
all	133	17	1219869	0.0000139
all	134	9	1219869	0.0000074
all	135	32	1219869	0.0000262
all	136	10	1219869	0.0000082
all	137	15	1219869	0.0000123
all	138	8	1219869	0.0000066
all	139	20	1219869	0.0000164
all	140	15	1219869	0.0000123
all	141	52	1219869	0.0000426
all	142	4	1219869	0.0000033
all	143	15	1219869	0.0000123
all	144	4	1219869	0.0000033
all	145	9	1219869	0.0000074
all	146	4	1219869	0.0000033
all	147	3	1219869	0.0000025
all	149	6	1219869	0.0000049
all	150	6	1219869	0.0000049
all	151	6	1219869	0.0000049
all	152	4	1219869	0.0000033
all	153	9	1219869	0.0000074
all	154	52	1219869	0.0000426
all	155	31	1219869	0.0000254
all	156	11	1219869	0.0000090
all	157	24	1219869	0.0000197
all	158	16	1219869	0.0000131
all	159	51	1219869	0.0000418
all	160	35	1219869	0.0000287
all	161	17	1219869	0.0000139
all	162	42	1219869	0.0000344
all	163	46	1219869	0.0000377
all	164	18	1219869	0.0000148
all	165	14	1219869	0.0000115
all	166	7	1219869	0.0000057
all	167	49	1219869	0.0000402
all	168	18	1219869	0.0000148
all	169	9	1219869	0.0000074
all	170	7	1219869	0.0000057
all	171	5	1219869	0.0000041
all	172	7	1219869	0.0000057
all	173	8	1219869	0.0000066
all	174	9	1219869	0.0000074
all	175	6	1219869	0.0000049
all	176	5	1219869	0.0000041
all	177	12	1219869	0.0000098
all	179	13	1219869	0.0000107
all	180	5	1219869	0.0000041
all	181	14	1219869	0.0000115
all	182	26	1219869	0.0000213
all	183	5	1219869	0.0000041
all	184	6	1219869	0.0000049
all	185	5	1219869	0.0000041
all	186	2	1219869	0.0000016
all	187	3	1219869	0.0000025
all	188	1	1219869	0.0000008
all	189	6	1219869	0.0000049
all	190	16	1219869	0.0000131
all	191	33	1219869	0.0000271
all	192	2	1219869	0.0000016
all	193	4	1219869	0.0000033
all	194	17	1219869	0.0000139
all	195	8	1219869	0.0000066
all	196	6	1219869	0.0000049
all	197	3	1219869	0.0000025
all	198	7	1219869	0.0000057
all	199	14	1219869	0.0000115
all	200	20	1219869	0.0000164
all	201	5	1219869	0.0000041
all	202	13	1219869	0.0000107
all	203	25	1219869	0.0000205
all	204	2	1219869	0.0000016
all	205	43	1219869	0.0000352
all	206	23	1219869	0.0000189
all	207	1	1219869	0.0000008
all	208	4	1219869	0.0000033
all	209	2	1219869	0.0000016
all	210	1	1219869	0.0000008
all	211	4	1219869	0.0000033
all	212	20	1219869	0.0000164
all	213	5	1219869	0.0000041
all	214	9	1219869	0.0000074
all	215	2	1219869	0.0000016
all	216	5	1219869	0.0000041
all	217	13	1219869	0.0000107
all	218	9	1219869	0.0000074
all	219	4	1219869	0.0000033
all	220	1	1219869	0.0000008
all	221	7	1219869	0.0000057
all	222	5	1219869	0.0000041
all	223	1	1219869	0.0000008
all	224	3	1219869	0.0000025
all	225	6	1219869	0.0000049
all	226	2	1219869	0.0000016
all	227	5	1219869	0.0000041
all	228	9	1219869	0.0000074
all	229	5	1219869	0.0000041
all	230	4	1219869	0.0000033
all	231	6	1219869	0.0000049
all	232	23	1219869	0.0000189
all	233	11	1219869	0.0000090
all	234	8	1219869	0.0000066
all	235	6	1219869	0.0000049
all	236	3	1219869	0.0000025
all	237	10	1219869	0.0000082
all	238	5	1219869	0.0000041
all	239	2	1219869	0.0000016
all	240	8	1219869	0.0000066
all	241	6	1219869	0.0000049
all	242	10	1219869	0.0000082
all	243	4	1219869	0.0000033
all	244	7	1219869	0.0000057
all	245	15	1219869	0.0000123
all	246	16	1219869	0.0000131
all	247	6	1219869	0.0000049
all	248	8	1219869	0.0000066
all	249	4	1219869	0.0000033
all	250	5	1219869	0.0000041
all	251	9	1219869	0.0000074
all	252	3	1219869	0.0000025
all	254	1	1219869	0.0000008
all	256	10	1219869	0.0000082
all	257	13	1219869	0.0000107
all	258	4	1219869	0.0000033
all	259	1	1219869	0.0000008
all	260	7	1219869	0.0000057
all	261	2	1219869	0.0000016
all	262	8	1219869	0.0000066
all	263	13	1219869	0.0000107
all	264	24	1219869	0.0000197
all	265	3	1219869	0.0000025
all	266	20	1219869	0.0000164
all	267	6	1219869	0.0000049
all	268	5	1219869	0.0000041
all	269	5	1219869	0.0000041
all	270	1	1219869	0.0000008
all	275	3	1219869	0.0000025
all	276	1	1219869	0.0000008
all	277	9	1219869	0.0000074
all	278	1	1219869	0.0000008
all	284	1	1219869	0.0000008
all	285	7	1219869	0.0000057
all	294	1	1219869	0.0000008
all	296	2	1219869	0.0000016
all	297	1	1219869	0.0000008
all	300	6	1219869	0.0000049
all	301	2	1219869	0.0000016
all	303	1	1219869	0.0000008
all	311	1	1219869	0.0000008
all	315	1	1219869	0.0000008
all	316	2	1219869	0.0000016
all	318	2	1219869	0.0000016
all	319	3	1219869	0.0000025
all	321	5	1219869	0.0000041
all	327	1	1219869	0.0000008
all	328	2	1219869	0.0000016
all	331	1	1219869	0.0000008
all	332	2	1219869	0.0000016
all	333	1	1219869	0.0000008
all	341	2	1219869	0.0000016
all	342	1	1219869	0.0000008
all	345	1	1219869	0.0000008
all	346	3	1219869	0.0000025
all	348	2	1219869	0.0000016
all	350	2	1219869	0.0000016
all	351	2	1219869	0.0000016
all	356	2	1219869	0.0000016
all	359	2	1219869	0.0000016
all	363	2	1219869	0.0000016
all	364	6	1219869	0.0000049
all	365	4	1219869	0.0000033
all	366	2	1219869	0.0000016
all	368	2	1219869	0.0000016
all	369	1	1219869	0.0000008
all	370	4	1219869	0.0000033
all	372	2	1219869	0.0000016
all	389	1	1219869	0.0000008
all	392	4	1219869	0.0000033
all	395	5	1219869	0.0000041
all	401	3	1219869	0.0000025
all	415	1	1219869	0.0000008
all	422	1	1219869	0.0000008
all	423	1	1219869	0.0000008
all	430	1	1219869	0.0000008
all	434	1	1219869	0.0000008
all	440	2	1219869	0.0000016
all	441	3	1219869	0.0000025
all	444	1	1219869	0.0000008
all	445	2	1219869	0.0000016
all	447	1	1219869	0.0000008
all	449	1	1219869	0.0000008
all	451	10	1219869	0.0000082
all	456	1	1219869	0.0000008
all	458	2	1219869	0.0000016
all	459	2	1219869	0.0000016
all	472	1	1219869	0.0000008
all	490	3	1219869	0.0000025
all	497	2	1219869	0.0000016
all	498	1	1219869	0.0000008
all	499	3	1219869	0.0000025
all	500	6	1219869	0.0000049
all	501	6	1219869	0.0000049
all	502	2	1219869	0.0000016
all	504	1	1219869	0.0000008
all	505	2	1219869	0.0000016
all	506	2	1219869	0.0000016
all	509	1	1219869	0.0000008
all	510	2	1219869	0.0000016
all	511	1	1219869	0.0000008
all	512	2	1219869	0.0000016
all	513	1	1219869	0.0000008
all	514	3	1219869	0.0000025
all	516	5	1219869	0.0000041
all	517	3	1219869	0.0000025
all	518	8	1219869	0.0000066
all	519	1	1219869	0.0000008
all	523	3	1219869	0.0000025
all	524	1	1219869	0.0000008
all	525	1	1219869	0.0000008
all	526	11	1219869	0.0000090
all	527	2	1219869	0.0000016
all	529	2	1219869	0.0000016
all	530	4	1219869	0.0000033
all	532	2	1219869	0.0000016
all	534	1	1219869	0.0000008
all	535	1	1219869	0.0000008
all	536	2	1219869	0.0000016
all	537	5	1219869	0.0000041
all	538	5	1219869	0.0000041
all	539	13	1219869	0.0000107
all	542	1	1219869	0.0000008
all	543	4	1219869	0.0000033
all	544	8	1219869	0.0000066
all	546	1	1219869	0.0000008
all	547	3	1219869	0.0000025
all	549	1	1219869	0.0000008
all	552	1	1219869	0.0000008
all	555	6	1219869	0.0000049
all	556	1	1219869	0.0000008
all	563	1	1219869	0.0000008
all	570	1	1219869	0.0000008
all	574	3	1219869	0.0000025
all	576	5	1219869	0.0000041
all	577	2	1219869	0.0000016
all	578	1	1219869	0.0000008
all	579	3	1219869	0.0000025
all	580	1	1219869	0.0000008
