all	0	321092	1681766	0.1909255
all	1	33400	1681766	0.0198601
all	2	63510	1681766	0.0377639
all	3	29236	1681766	0.0173841
all	4	40834	1681766	0.0242804
all	5	25197	1681766	0.0149825
all	6	28275	1681766	0.0168127
all	7	22565	1681766	0.0134174
all	8	25738	1681766	0.0153042
all	9	23370	1681766	0.0138961
all	10	26565	1681766	0.0157959
all	11	21254	1681766	0.0126379
all	12	24644	1681766	0.0146536
all	13	23631	1681766	0.0140513
all	14	24604	1681766	0.0146299
all	15	24185	1681766	0.0143807
all	16	24820	1681766	0.0147583
all	17	24252	1681766	0.0144206
all	18	24049	1681766	0.0142998
all	19	23146	1681766	0.0137629
all	20	23606	1681766	0.0140364
all	21	24344	1681766	0.0144753
all	22	24590	1681766	0.0146215
all	23	23105	1681766	0.0137385
all	24	21721	1681766	0.0129156
all	25	22167	1681766	0.0131808
all	26	21155	1681766	0.0125790
all	27	20661	1681766	0.0122853
all	28	21712	1681766	0.0129102
all	29	19026	1681766	0.0113131
all	30	18666	1681766	0.0110990
all	31	18943	1681766	0.0112638
all	32	18650	1681766	0.0110895
all	33	18041	1681766	0.0107274
all	34	17841	1681766	0.0106085
all	35	16017	1681766	0.0095239
all	36	16638	1681766	0.0098932
all	37	15329	1681766	0.0091148
all	38	14870	1681766	0.0088419
all	39	14632	1681766	0.0087004
all	40	14143	1681766	0.0084096
all	41	14496	1681766	0.0086195
all	42	13718	1681766	0.0081569
all	43	13124	1681766	0.0078037
all	44	12940	1681766	0.0076943
all	45	12371	1681766	0.0073560
all	46	12041	1681766	0.0071597
all	47	12207	1681766	0.0072584
all	48	11306	1681766	0.0067227
all	49	10380	1681766	0.0061721
all	50	10173	1681766	0.0060490
all	51	10056	1681766	0.0059794
all	52	9661	1681766	0.0057446
all	53	9332	1681766	0.0055489
all	54	9134	1681766	0.0054312
all	55	9054	1681766	0.0053836
all	56	8243	1681766	0.0049014
all	57	8011	1681766	0.0047634
all	58	7742	1681766	0.0046035
all	59	7570	1681766	0.0045012
all	60	7390	1681766	0.0043942
all	61	6729	1681766	0.0040012
all	62	6645	1681766	0.0039512
all	63	6779	1681766	0.0040309
all	64	6595	1681766	0.0039215
all	65	6046	1681766	0.0035950
all	66	5988	1681766	0.0035605
all	67	5552	1681766	0.0033013
all	68	5558	1681766	0.0033049
all	69	4895	1681766	0.0029106
all	70	5230	1681766	0.0031098
all	71	5064	1681766	0.0030111
all	72	4541	1681766	0.0027001
all	73	4712	1681766	0.0028018
all	74	4512	1681766	0.0026829
all	75	4497	1681766	0.0026740
all	76	4162	1681766	0.0024748
all	77	4053	1681766	0.0024100
all	78	3888	1681766	0.0023119
all	79	3633	1681766	0.0021602
all	80	3312	1681766	0.0019694
all	81	3312	1681766	0.0019694
all	82	3049	1681766	0.0018130
all	83	3039	1681766	0.0018070
all	84	2937	1681766	0.0017464
all	85	2646	1681766	0.0015733
all	86	2357	1681766	0.0014015
all	87	2468	1681766	0.0014675
all	88	2573	1681766	0.0015299
all	89	2273	1681766	0.0013516
all	90	2338	1681766	0.0013902
all	91	2167	1681766	0.0012885
all	92	2206	1681766	0.0013117
all	93	2570	1681766	0.0015282
all	94	2150	1681766	0.0012784
all	95	1997	1681766	0.0011874
all	96	1873	1681766	0.0011137
all	97	1710	1681766	0.0010168
all	98	1524	1681766	0.0009062
all	99	1697	1681766	0.0010091
all	100	1726	1681766	0.0010263
all	101	1701	1681766	0.0010114
all	102	1583	1681766	0.0009413
all	103	1556	1681766	0.0009252
all	104	1377	1681766	0.0008188
all	105	1231	1681766	0.0007320
all	106	1117	1681766	0.0006642
all	107	1338	1681766	0.0007956
all	108	1137	1681766	0.0006761
all	109	1081	1681766	0.0006428
all	110	1014	1681766	0.0006029
all	111	1009	1681766	0.0006000
all	112	1031	1681766	0.0006130
all	113	1177	1681766	0.0006999
all	114	1003	1681766	0.0005964
all	115	948	1681766	0.0005637
all	116	778	1681766	0.0004626
all	117	811	1681766	0.0004822
all	118	864	1681766	0.0005137
all	119	822	1681766	0.0004888
all	120	761	1681766	0.0004525
all	121	926	1681766	0.0005506
all	122	631	1681766	0.0003752
all	123	894	1681766	0.0005316
all	124	754	1681766	0.0004483
all	125	818	1681766	0.0004864
all	126	727	1681766	0.0004323
all	127	693	1681766	0.0004121
all	128	592	1681766	0.0003520
all	129	784	1681766	0.0004662
all	130	631	1681766	0.0003752
all	131	506	1681766	0.0003009
all	132	630	1681766	0.0003746
all	133	633	1681766	0.0003764
all	134	602	1681766	0.0003580
all	135	605	1681766	0.0003597
all	136	591	1681766	0.0003514
all	137	539	1681766	0.0003205
all	138	658	1681766	0.0003913
all	139	537	1681766	0.0003193
all	140	446	1681766	0.0002652
all	141	389	1681766	0.0002313
all	142	427	1681766	0.0002539
all	143	363	1681766	0.0002158
all	144	362	1681766	0.0002152
all	145	390	1681766	0.0002319
all	146	379	1681766	0.0002254
all	147	404	1681766	0.0002402
all	148	366	1681766	0.0002176
all	149	367	1681766	0.0002182
all	150	383	1681766	0.0002277
all	151	310	1681766	0.0001843
all	152	419	1681766	0.0002491
all	153	391	1681766	0.0002325
all	154	319	1681766	0.0001897
all	155	276	1681766	0.0001641
all	156	230	1681766	0.0001368
all	157	274	1681766	0.0001629
all	158	226	1681766	0.0001344
all	159	226	1681766	0.0001344
all	160	195	1681766	0.0001159
all	161	190	1681766	0.0001130
all	162	228	1681766	0.0001356
all	163	243	1681766	0.0001445
all	164	184	1681766	0.0001094
all	165	269	1681766	0.0001600
all	166	218	1681766	0.0001296
all	167	227	1681766	0.0001350
all	168	194	1681766	0.0001154
all	169	217	1681766	0.0001290
all	170	238	1681766	0.0001415
all	171	225	1681766	0.0001338
all	172	177	1681766	0.0001052
all	173	147	1681766	0.0000874
all	174	150	1681766	0.0000892
all	175	208	1681766	0.0001237
all	176	158	1681766	0.0000939
all	177	184	1681766	0.0001094
all	178	174	1681766	0.0001035
all	179	167	1681766	0.0000993
all	180	164	1681766	0.0000975
all	181	148	1681766	0.0000880
all	182	125	1681766	0.0000743
all	183	161	1681766	0.0000957
all	184	167	1681766	0.0000993
all	185	147	1681766	0.0000874
all	186	149	1681766	0.0000886
all	187	163	1681766	0.0000969
all	188	167	1681766	0.0000993
all	189	145	1681766	0.0000862
all	190	172	1681766	0.0001023
all	191	94	1681766	0.0000559
all	192	122	1681766	0.0000725
all	193	165	1681766	0.0000981
all	194	131	1681766	0.0000779
all	195	118	1681766	0.0000702
all	196	138	1681766	0.0000821
all	197	143	1681766	0.0000850
all	198	109	1681766	0.0000648
all	199	140	1681766	0.0000832
all	200	215	1681766	0.0001278
all	201	119	1681766	0.0000708
all	202	110	1681766	0.0000654
all	203	122	1681766	0.0000725
all	204	91	1681766	0.0000541
all	205	95	1681766	0.0000565
all	206	54	1681766	0.0000321
all	207	54	1681766	0.0000321
all	208	76	1681766	0.0000452
all	209	65	1681766	0.0000386
all	210	95	1681766	0.0000565
all	211	51	1681766	0.0000303
all	212	74	1681766	0.0000440
all	213	51	1681766	0.0000303
all	214	78	1681766	0.0000464
all	215	77	1681766	0.0000458
all	216	70	1681766	0.0000416
all	217	53	1681766	0.0000315
all	218	67	1681766	0.0000398
all	219	50	1681766	0.0000297
all	220	100	1681766	0.0000595
all	221	84	1681766	0.0000499
all	222	78	1681766	0.0000464
all	223	72	1681766	0.0000428
all	224	68	1681766	0.0000404
all	225	78	1681766	0.0000464
all	226	88	1681766	0.0000523
all	227	87	1681766	0.0000517
all	228	90	1681766	0.0000535
all	229	80	1681766	0.0000476
all	230	58	1681766	0.0000345
all	231	94	1681766	0.0000559
all	232	61	1681766	0.0000363
all	233	73	1681766	0.0000434
all	234	69	1681766	0.0000410
all	235	75	1681766	0.0000446
all	236	74	1681766	0.0000440
all	237	80	1681766	0.0000476
all	238	90	1681766	0.0000535
all	239	44	1681766	0.0000262
all	240	51	1681766	0.0000303
all	241	89	1681766	0.0000529
all	242	58	1681766	0.0000345
all	243	54	1681766	0.0000321
all	244	49	1681766	0.0000291
all	245	64	1681766	0.0000381
all	246	72	1681766	0.0000428
all	247	67	1681766	0.0000398
all	248	69	1681766	0.0000410
all	249	69	1681766	0.0000410
all	250	95	1681766	0.0000565
all	251	68	1681766	0.0000404
all	252	90	1681766	0.0000535
all	253	82	1681766	0.0000488
all	254	55	1681766	0.0000327
all	255	45	1681766	0.0000268
all	256	43	1681766	0.0000256
all	257	52	1681766	0.0000309
all	258	46	1681766	0.0000274
all	259	42	1681766	0.0000250
all	260	53	1681766	0.0000315
all	261	30	1681766	0.0000178
all	262	40	1681766	0.0000238
all	263	48	1681766	0.0000285
all	264	42	1681766	0.0000250
all	265	29	1681766	0.0000172
all	266	34	1681766	0.0000202
all	267	19	1681766	0.0000113
all	268	45	1681766	0.0000268
all	269	53	1681766	0.0000315
all	270	33	1681766	0.0000196
all	271	30	1681766	0.0000178
all	272	28	1681766	0.0000166
all	273	55	1681766	0.0000327
all	274	46	1681766	0.0000274
all	275	55	1681766	0.0000327
all	276	50	1681766	0.0000297
all	277	50	1681766	0.0000297
all	278	40	1681766	0.0000238
all	279	62	1681766	0.0000369
all	280	31	1681766	0.0000184
all	281	28	1681766	0.0000166
all	282	33	1681766	0.0000196
all	283	52	1681766	0.0000309
all	284	37	1681766	0.0000220
all	285	49	1681766	0.0000291
all	286	35	1681766	0.0000208
all	287	32	1681766	0.0000190
all	288	38	1681766	0.0000226
all	289	49	1681766	0.0000291
all	290	32	1681766	0.0000190
all	291	27	1681766	0.0000161
all	292	35	1681766	0.0000208
all	293	22	1681766	0.0000131
all	294	45	1681766	0.0000268
all	295	23	1681766	0.0000137
all	296	47	1681766	0.0000279
all	297	24	1681766	0.0000143
all	298	31	1681766	0.0000184
all	299	27	1681766	0.0000161
all	300	23	1681766	0.0000137
all	301	24	1681766	0.0000143
all	302	25	1681766	0.0000149
all	303	23	1681766	0.0000137
all	304	29	1681766	0.0000172
all	305	35	1681766	0.0000208
all	306	26	1681766	0.0000155
all	307	22	1681766	0.0000131
all	308	38	1681766	0.0000226
all	309	27	1681766	0.0000161
all	310	36	1681766	0.0000214
all	311	28	1681766	0.0000166
all	312	36	1681766	0.0000214
all	313	32	1681766	0.0000190
all	314	26	1681766	0.0000155
all	315	32	1681766	0.0000190
all	316	37	1681766	0.0000220
all	317	38	1681766	0.0000226
all	318	35	1681766	0.0000208
all	319	37	1681766	0.0000220
all	320	33	1681766	0.0000196
all	321	46	1681766	0.0000274
all	322	32	1681766	0.0000190
all	323	28	1681766	0.0000166
all	324	34	1681766	0.0000202
all	325	24	1681766	0.0000143
all	326	23	1681766	0.0000137
all	327	18	1681766	0.0000107
all	328	18	1681766	0.0000107
all	329	24	1681766	0.0000143
all	330	15	1681766	0.0000089
all	331	22	1681766	0.0000131
all	332	16	1681766	0.0000095
all	333	22	1681766	0.0000131
all	334	18	1681766	0.0000107
all	335	12	1681766	0.0000071
all	336	22	1681766	0.0000131
all	337	30	1681766	0.0000178
all	338	23	1681766	0.0000137
all	339	23	1681766	0.0000137
all	340	15	1681766	0.0000089
all	341	18	1681766	0.0000107
all	342	34	1681766	0.0000202
all	343	19	1681766	0.0000113
all	344	10	1681766	0.0000059
all	345	12	1681766	0.0000071
all	346	13	1681766	0.0000077
all	347	31	1681766	0.0000184
all	348	17	1681766	0.0000101
all	349	14	1681766	0.0000083
all	350	26	1681766	0.0000155
all	351	19	1681766	0.0000113
all	352	16	1681766	0.0000095
all	353	18	1681766	0.0000107
all	354	30	1681766	0.0000178
all	355	13	1681766	0.0000077
all	356	11	1681766	0.0000065
all	357	22	1681766	0.0000131
all	358	29	1681766	0.0000172
all	359	41	1681766	0.0000244
all	360	9	1681766	0.0000054
all	361	33	1681766	0.0000196
all	362	21	1681766	0.0000125
all	363	52	1681766	0.0000309
all	364	27	1681766	0.0000161
all	365	48	1681766	0.0000285
all	366	32	1681766	0.0000190
all	367	29	1681766	0.0000172
all	368	24	1681766	0.0000143
all	369	30	1681766	0.0000178
all	370	38	1681766	0.0000226
all	371	21	1681766	0.0000125
all	372	15	1681766	0.0000089
all	373	16	1681766	0.0000095
all	374	29	1681766	0.0000172
all	375	18	1681766	0.0000107
all	376	27	1681766	0.0000161
all	377	29	1681766	0.0000172
all	378	33	1681766	0.0000196
all	379	25	1681766	0.0000149
all	380	14	1681766	0.0000083
all	381	35	1681766	0.0000208
all	382	9	1681766	0.0000054
all	383	8	1681766	0.0000048
all	384	14	1681766	0.0000083
all	385	22	1681766	0.0000131
all	386	16	1681766	0.0000095
all	387	12	1681766	0.0000071
all	388	23	1681766	0.0000137
all	389	25	1681766	0.0000149
all	390	26	1681766	0.0000155
all	391	28	1681766	0.0000166
all	392	37	1681766	0.0000220
all	393	27	1681766	0.0000161
all	394	16	1681766	0.0000095
all	395	15	1681766	0.0000089
all	396	33	1681766	0.0000196
all	397	19	1681766	0.0000113
all	398	4	1681766	0.0000024
all	399	26	1681766	0.0000155
all	400	38	1681766	0.0000226
all	401	21	1681766	0.0000125
all	402	40	1681766	0.0000238
all	403	48	1681766	0.0000285
all	404	55	1681766	0.0000327
all	405	24	1681766	0.0000143
all	406	34	1681766	0.0000202
all	407	18	1681766	0.0000107
all	408	39	1681766	0.0000232
all	409	34	1681766	0.0000202
all	410	37	1681766	0.0000220
all	411	24	1681766	0.0000143
all	412	15	1681766	0.0000089
all	413	23	1681766	0.0000137
all	414	6	1681766	0.0000036
all	415	14	1681766	0.0000083
all	416	22	1681766	0.0000131
all	417	35	1681766	0.0000208
all	418	25	1681766	0.0000149
all	419	4	1681766	0.0000024
all	420	8	1681766	0.0000048
all	421	14	1681766	0.0000083
all	422	11	1681766	0.0000065
all	423	14	1681766	0.0000083
all	424	10	1681766	0.0000059
all	425	8	1681766	0.0000048
all	426	13	1681766	0.0000077
all	427	13	1681766	0.0000077
all	428	6	1681766	0.0000036
all	429	2	1681766	0.0000012
all	430	6	1681766	0.0000036
all	431	8	1681766	0.0000048
all	432	3	1681766	0.0000018
all	433	17	1681766	0.0000101
all	434	12	1681766	0.0000071
all	435	11	1681766	0.0000065
all	436	20	1681766	0.0000119
all	437	13	1681766	0.0000077
all	438	20	1681766	0.0000119
all	439	3	1681766	0.0000018
all	440	12	1681766	0.0000071
all	441	3	1681766	0.0000018
all	442	15	1681766	0.0000089
all	443	6	1681766	0.0000036
all	444	12	1681766	0.0000071
all	445	18	1681766	0.0000107
all	446	17	1681766	0.0000101
all	447	10	1681766	0.0000059
all	448	11	1681766	0.0000065
all	449	29	1681766	0.0000172
all	450	11	1681766	0.0000065
all	451	20	1681766	0.0000119
all	452	8	1681766	0.0000048
all	453	13	1681766	0.0000077
all	454	9	1681766	0.0000054
all	455	18	1681766	0.0000107
all	456	8	1681766	0.0000048
all	457	9	1681766	0.0000054
all	458	5	1681766	0.0000030
all	459	13	1681766	0.0000077
all	460	20	1681766	0.0000119
all	461	5	1681766	0.0000030
all	462	5	1681766	0.0000030
all	463	5	1681766	0.0000030
all	464	2	1681766	0.0000012
all	465	12	1681766	0.0000071
all	466	18	1681766	0.0000107
all	467	20	1681766	0.0000119
all	468	6	1681766	0.0000036
all	469	7	1681766	0.0000042
all	470	3	1681766	0.0000018
all	471	8	1681766	0.0000048
all	472	4	1681766	0.0000024
all	473	8	1681766	0.0000048
all	474	19	1681766	0.0000113
all	475	7	1681766	0.0000042
all	476	4	1681766	0.0000024
all	477	19	1681766	0.0000113
all	478	20	1681766	0.0000119
all	479	25	1681766	0.0000149
all	480	27	1681766	0.0000161
all	481	27	1681766	0.0000161
all	482	22	1681766	0.0000131
all	483	16	1681766	0.0000095
all	484	28	1681766	0.0000166
all	485	15	1681766	0.0000089
all	486	9	1681766	0.0000054
all	487	11	1681766	0.0000065
all	488	28	1681766	0.0000166
all	489	26	1681766	0.0000155
all	490	8	1681766	0.0000048
all	491	52	1681766	0.0000309
all	492	57	1681766	0.0000339
all	493	23	1681766	0.0000137
all	494	23	1681766	0.0000137
all	495	19	1681766	0.0000113
all	496	19	1681766	0.0000113
all	497	8	1681766	0.0000048
all	498	19	1681766	0.0000113
all	499	7	1681766	0.0000042
all	500	45	1681766	0.0000268
all	501	5	1681766	0.0000030
all	502	25	1681766	0.0000149
all	503	17	1681766	0.0000101
all	504	29	1681766	0.0000172
all	505	35	1681766	0.0000208
all	506	10	1681766	0.0000059
all	507	13	1681766	0.0000077
all	508	10	1681766	0.0000059
all	509	8	1681766	0.0000048
all	510	32	1681766	0.0000190
all	511	7	1681766	0.0000042
all	512	36	1681766	0.0000214
all	513	25	1681766	0.0000149
all	514	17	1681766	0.0000101
all	515	28	1681766	0.0000166
all	516	9	1681766	0.0000054
all	517	17	1681766	0.0000101
all	518	22	1681766	0.0000131
all	519	39	1681766	0.0000232
all	520	24	1681766	0.0000143
all	521	28	1681766	0.0000166
all	522	6	1681766	0.0000036
all	523	31	1681766	0.0000184
all	524	51	1681766	0.0000303
all	525	24	1681766	0.0000143
all	526	20	1681766	0.0000119
all	527	8	1681766	0.0000048
all	528	43	1681766	0.0000256
all	529	48	1681766	0.0000285
all	530	3	1681766	0.0000018
all	531	11	1681766	0.0000065
all	532	27	1681766	0.0000161
all	533	5	1681766	0.0000030
all	534	8	1681766	0.0000048
all	535	44	1681766	0.0000262
all	536	16	1681766	0.0000095
all	537	5	1681766	0.0000030
all	538	7	1681766	0.0000042
all	539	13	1681766	0.0000077
all	540	12	1681766	0.0000071
all	541	17	1681766	0.0000101
all	542	11	1681766	0.0000065
all	543	6	1681766	0.0000036
all	544	3	1681766	0.0000018
all	545	14	1681766	0.0000083
all	546	5	1681766	0.0000030
all	547	12	1681766	0.0000071
all	548	3	1681766	0.0000018
all	549	11	1681766	0.0000065
all	550	11	1681766	0.0000065
all	551	9	1681766	0.0000054
all	552	7	1681766	0.0000042
all	553	6	1681766	0.0000036
all	554	12	1681766	0.0000071
all	555	10	1681766	0.0000059
all	556	4	1681766	0.0000024
all	557	13	1681766	0.0000077
all	558	7	1681766	0.0000042
all	559	6	1681766	0.0000036
all	560	7	1681766	0.0000042
all	561	7	1681766	0.0000042
all	562	6	1681766	0.0000036
all	563	20	1681766	0.0000119
all	564	16	1681766	0.0000095
all	565	11	1681766	0.0000065
all	566	15	1681766	0.0000089
all	567	12	1681766	0.0000071
all	568	1	1681766	0.0000006
all	569	12	1681766	0.0000071
all	570	10	1681766	0.0000059
all	571	12	1681766	0.0000071
all	572	7	1681766	0.0000042
all	573	8	1681766	0.0000048
all	574	13	1681766	0.0000077
all	575	6	1681766	0.0000036
all	576	12	1681766	0.0000071
all	577	12	1681766	0.0000071
all	578	162	1681766	0.0000963
all	579	13	1681766	0.0000077
all	580	7	1681766	0.0000042
all	581	11	1681766	0.0000065
all	582	5	1681766	0.0000030
all	583	4	1681766	0.0000024
all	584	14	1681766	0.0000083
all	585	1	1681766	0.0000006
all	586	4	1681766	0.0000024
all	588	4	1681766	0.0000024
all	589	6	1681766	0.0000036
all	590	7	1681766	0.0000042
all	591	1	1681766	0.0000006
all	592	7	1681766	0.0000042
all	593	12	1681766	0.0000071
all	594	4	1681766	0.0000024
all	595	7	1681766	0.0000042
all	596	9	1681766	0.0000054
all	597	7	1681766	0.0000042
all	598	6	1681766	0.0000036
all	599	4	1681766	0.0000024
all	600	11	1681766	0.0000065
all	601	6	1681766	0.0000036
all	602	10	1681766	0.0000059
all	603	12	1681766	0.0000071
all	604	9	1681766	0.0000054
all	605	3	1681766	0.0000018
all	607	8	1681766	0.0000048
all	608	1	1681766	0.0000006
all	609	6	1681766	0.0000036
all	610	9	1681766	0.0000054
all	611	4	1681766	0.0000024
all	612	4	1681766	0.0000024
all	613	14	1681766	0.0000083
all	614	11	1681766	0.0000065
all	615	6	1681766	0.0000036
all	616	5	1681766	0.0000030
all	617	16	1681766	0.0000095
all	618	7	1681766	0.0000042
all	619	10	1681766	0.0000059
all	620	11	1681766	0.0000065
all	621	4	1681766	0.0000024
all	622	17	1681766	0.0000101
all	623	7	1681766	0.0000042
all	624	8	1681766	0.0000048
all	625	7	1681766	0.0000042
all	626	8	1681766	0.0000048
all	627	7	1681766	0.0000042
all	628	6	1681766	0.0000036
all	629	10	1681766	0.0000059
all	630	2	1681766	0.0000012
all	631	8	1681766	0.0000048
all	632	6	1681766	0.0000036
all	633	4	1681766	0.0000024
all	634	9	1681766	0.0000054
all	635	4	1681766	0.0000024
all	636	7	1681766	0.0000042
all	637	7	1681766	0.0000042
all	638	4	1681766	0.0000024
all	639	3	1681766	0.0000018
all	640	8	1681766	0.0000048
all	641	6	1681766	0.0000036
all	642	5	1681766	0.0000030
all	643	3	1681766	0.0000018
all	644	6	1681766	0.0000036
all	645	3	1681766	0.0000018
all	646	2	1681766	0.0000012
all	647	6	1681766	0.0000036
all	648	7	1681766	0.0000042
all	649	2	1681766	0.0000012
all	650	6	1681766	0.0000036
all	651	5	1681766	0.0000030
all	652	11	1681766	0.0000065
all	653	11	1681766	0.0000065
all	654	9	1681766	0.0000054
all	655	14	1681766	0.0000083
all	656	5	1681766	0.0000030
all	657	15	1681766	0.0000089
all	658	7	1681766	0.0000042
all	659	7	1681766	0.0000042
all	660	9	1681766	0.0000054
all	661	6	1681766	0.0000036
all	662	10	1681766	0.0000059
all	663	13	1681766	0.0000077
all	664	9	1681766	0.0000054
all	665	6	1681766	0.0000036
all	666	8	1681766	0.0000048
all	667	5	1681766	0.0000030
all	668	6	1681766	0.0000036
all	669	9	1681766	0.0000054
all	670	12	1681766	0.0000071
all	671	11	1681766	0.0000065
all	672	7	1681766	0.0000042
all	673	6	1681766	0.0000036
all	674	4	1681766	0.0000024
all	675	15	1681766	0.0000089
all	676	5	1681766	0.0000030
all	677	13	1681766	0.0000077
all	678	6	1681766	0.0000036
all	679	7	1681766	0.0000042
all	680	5	1681766	0.0000030
all	681	21	1681766	0.0000125
all	682	7	1681766	0.0000042
all	683	7	1681766	0.0000042
all	684	15	1681766	0.0000089
all	685	9	1681766	0.0000054
all	686	6	1681766	0.0000036
all	687	6	1681766	0.0000036
all	688	8	1681766	0.0000048
all	689	7	1681766	0.0000042
all	690	10	1681766	0.0000059
all	691	9	1681766	0.0000054
all	692	15	1681766	0.0000089
all	693	8	1681766	0.0000048
all	694	4	1681766	0.0000024
all	695	2	1681766	0.0000012
all	696	4	1681766	0.0000024
all	697	2	1681766	0.0000012
all	698	5	1681766	0.0000030
all	699	2	1681766	0.0000012
all	700	2	1681766	0.0000012
all	702	2	1681766	0.0000012
all	704	4	1681766	0.0000024
all	705	2	1681766	0.0000012
all	706	2	1681766	0.0000012
all	709	3	1681766	0.0000018
all	710	3	1681766	0.0000018
all	711	1	1681766	0.0000006
all	712	2	1681766	0.0000012
all	713	1	1681766	0.0000006
all	714	1	1681766	0.0000006
all	715	3	1681766	0.0000018
all	717	2	1681766	0.0000012
all	718	5	1681766	0.0000030
all	719	2	1681766	0.0000012
all	720	1	1681766	0.0000006
all	724	1	1681766	0.0000006
all	725	3	1681766	0.0000018
all	726	1	1681766	0.0000006
all	729	1	1681766	0.0000006
all	730	1	1681766	0.0000006
all	733	2	1681766	0.0000012
all	734	1	1681766	0.0000006
all	735	2	1681766	0.0000012
all	736	1	1681766	0.0000006
all	737	2	1681766	0.0000012
all	738	1	1681766	0.0000006
all	740	2	1681766	0.0000012
all	741	1	1681766	0.0000006
all	742	1	1681766	0.0000006
all	743	3	1681766	0.0000018
all	744	1	1681766	0.0000006
all	745	2	1681766	0.0000012
all	747	2	1681766	0.0000012
all	748	3	1681766	0.0000018
all	750	1	1681766	0.0000006
all	751	2	1681766	0.0000012
all	752	2	1681766	0.0000012
all	753	3	1681766	0.0000018
all	754	4	1681766	0.0000024
all	755	5	1681766	0.0000030
all	756	3	1681766	0.0000018
all	757	4	1681766	0.0000024
all	758	1	1681766	0.0000006
all	759	4	1681766	0.0000024
all	761	2	1681766	0.0000012
all	762	1	1681766	0.0000006
all	764	2	1681766	0.0000012
all	765	1	1681766	0.0000006
all	766	1	1681766	0.0000006
all	767	6	1681766	0.0000036
all	771	1	1681766	0.0000006
all	774	2	1681766	0.0000012
all	775	1	1681766	0.0000006
all	777	5	1681766	0.0000030
all	778	3	1681766	0.0000018
all	779	1	1681766	0.0000006
all	780	1	1681766	0.0000006
all	781	13	1681766	0.0000077
all	783	2	1681766	0.0000012
all	784	1	1681766	0.0000006
all	785	1	1681766	0.0000006
all	786	2	1681766	0.0000012
all	788	2	1681766	0.0000012
all	790	3	1681766	0.0000018
all	791	1	1681766	0.0000006
all	792	3	1681766	0.0000018
all	793	1	1681766	0.0000006
all	794	2	1681766	0.0000012
all	797	2	1681766	0.0000012
all	798	1	1681766	0.0000006
all	799	3	1681766	0.0000018
all	801	1	1681766	0.0000006
all	802	1	1681766	0.0000006
all	804	2	1681766	0.0000012
all	805	1	1681766	0.0000006
all	811	2	1681766	0.0000012
all	812	2	1681766	0.0000012
all	814	1	1681766	0.0000006
all	817	3	1681766	0.0000018
all	818	1	1681766	0.0000006
all	821	1	1681766	0.0000006
all	823	4	1681766	0.0000024
all	826	3	1681766	0.0000018
all	829	1	1681766	0.0000006
all	830	4	1681766	0.0000024
all	831	2	1681766	0.0000012
all	832	3	1681766	0.0000018
all	833	2	1681766	0.0000012
all	835	1	1681766	0.0000006
all	837	1	1681766	0.0000006
all	839	1	1681766	0.0000006
all	842	2	1681766	0.0000012
all	843	2	1681766	0.0000012
all	844	2	1681766	0.0000012
all	845	1	1681766	0.0000006
all	846	1	1681766	0.0000006
all	848	1	1681766	0.0000006
all	850	4	1681766	0.0000024
all	853	4	1681766	0.0000024
all	854	2	1681766	0.0000012
all	856	1	1681766	0.0000006
all	857	2	1681766	0.0000012
all	860	2	1681766	0.0000012
all	862	4	1681766	0.0000024
all	863	4	1681766	0.0000024
all	865	1	1681766	0.0000006
all	866	2	1681766	0.0000012
all	869	1	1681766	0.0000006
all	870	2	1681766	0.0000012
all	872	2	1681766	0.0000012
all	875	2	1681766	0.0000012
all	876	2	1681766	0.0000012
all	877	2	1681766	0.0000012
all	878	1	1681766	0.0000006
all	879	2	1681766	0.0000012
all	880	2	1681766	0.0000012
all	881	3	1681766	0.0000018
all	882	1	1681766	0.0000006
all	883	1	1681766	0.0000006
all	887	3	1681766	0.0000018
all	888	1	1681766	0.0000006
all	889	1	1681766	0.0000006
all	893	2	1681766	0.0000012
all	894	2	1681766	0.0000012
all	896	1	1681766	0.0000006
all	897	1	1681766	0.0000006
all	899	1	1681766	0.0000006
all	903	1	1681766	0.0000006
all	904	2	1681766	0.0000012
all	905	1	1681766	0.0000006
all	908	2	1681766	0.0000012
all	909	3	1681766	0.0000018
all	910	1	1681766	0.0000006
all	911	1	1681766	0.0000006
all	912	1	1681766	0.0000006
all	914	2	1681766	0.0000012
all	916	1	1681766	0.0000006
all	917	1	1681766	0.0000006
all	921	1	1681766	0.0000006
all	922	1	1681766	0.0000006
all	926	1	1681766	0.0000006
all	933	2	1681766	0.0000012
all	934	1	1681766	0.0000006
all	936	2	1681766	0.0000012
all	937	4	1681766	0.0000024
all	938	1	1681766	0.0000006
all	939	1	1681766	0.0000006
all	940	3	1681766	0.0000018
all	942	1	1681766	0.0000006
all	944	2	1681766	0.0000012
all	945	1	1681766	0.0000006
all	946	1	1681766	0.0000006
all	947	3	1681766	0.0000018
all	948	3	1681766	0.0000018
all	950	3	1681766	0.0000018
all	951	2	1681766	0.0000012
all	952	1	1681766	0.0000006
all	953	1	1681766	0.0000006
all	954	1	1681766	0.0000006
all	955	1	1681766	0.0000006
all	956	1	1681766	0.0000006
all	957	1	1681766	0.0000006
all	958	2	1681766	0.0000012
all	959	3	1681766	0.0000018
all	960	2	1681766	0.0000012
all	961	1	1681766	0.0000006
all	962	1	1681766	0.0000006
all	964	1	1681766	0.0000006
all	965	4	1681766	0.0000024
all	966	2	1681766	0.0000012
all	969	2	1681766	0.0000012
all	970	1	1681766	0.0000006
all	971	4	1681766	0.0000024
all	972	1	1681766	0.0000006
all	973	4	1681766	0.0000024
all	974	1	1681766	0.0000006
all	976	2	1681766	0.0000012
all	978	2	1681766	0.0000012
all	979	1	1681766	0.0000006
all	981	1	1681766	0.0000006
all	983	2	1681766	0.0000012
all	985	1	1681766	0.0000006
all	986	1	1681766	0.0000006
all	992	3	1681766	0.0000018
all	993	1	1681766	0.0000006
all	995	1	1681766	0.0000006
all	998	1	1681766	0.0000006
all	1001	1	1681766	0.0000006
all	1003	1	1681766	0.0000006
all	1007	1	1681766	0.0000006
all	1010	1	1681766	0.0000006
all	1011	1	1681766	0.0000006
all	1012	1	1681766	0.0000006
all	1013	2	1681766	0.0000012
all	1020	1	1681766	0.0000006
all	1021	1	1681766	0.0000006
all	1022	2	1681766	0.0000012
all	1029	1	1681766	0.0000006
all	1032	2	1681766	0.0000012
all	1035	1	1681766	0.0000006
all	1036	1	1681766	0.0000006
all	1041	1	1681766	0.0000006
all	1046	1	1681766	0.0000006
all	1047	1	1681766	0.0000006
all	1048	1	1681766	0.0000006
all	1051	5	1681766	0.0000030
all	1052	2	1681766	0.0000012
all	1054	2	1681766	0.0000012
all	1059	4	1681766	0.0000024
all	1061	2	1681766	0.0000012
all	1065	1	1681766	0.0000006
all	1069	1	1681766	0.0000006
all	1071	3	1681766	0.0000018
all	1073	2	1681766	0.0000012
all	1077	1	1681766	0.0000006
all	1079	3	1681766	0.0000018
all	1082	1	1681766	0.0000006
all	1087	2	1681766	0.0000012
all	1088	2	1681766	0.0000012
all	1089	2	1681766	0.0000012
all	1090	4	1681766	0.0000024
all	1091	3	1681766	0.0000018
all	1092	2	1681766	0.0000012
all	1093	4	1681766	0.0000024
all	1096	1	1681766	0.0000006
all	1097	2	1681766	0.0000012
all	1099	3	1681766	0.0000018
all	1101	1	1681766	0.0000006
all	1102	4	1681766	0.0000024
all	1106	2	1681766	0.0000012
all	1108	2	1681766	0.0000012
all	1112	1	1681766	0.0000006
all	1113	2	1681766	0.0000012
all	1114	2	1681766	0.0000012
all	1115	2	1681766	0.0000012
all	1116	1	1681766	0.0000006
all	1118	2	1681766	0.0000012
all	1121	3	1681766	0.0000018
all	1124	1	1681766	0.0000006
all	1125	2	1681766	0.0000012
all	1126	4	1681766	0.0000024
all	1130	1	1681766	0.0000006
all	1131	2	1681766	0.0000012
all	1132	1	1681766	0.0000006
all	1134	2	1681766	0.0000012
all	1136	2	1681766	0.0000012
all	1137	1	1681766	0.0000006
all	1138	1	1681766	0.0000006
all	1142	2	1681766	0.0000012
all	1144	4	1681766	0.0000024
all	1145	1	1681766	0.0000006
all	1147	4	1681766	0.0000024
all	1149	1	1681766	0.0000006
all	1151	3	1681766	0.0000018
all	1152	1	1681766	0.0000006
all	1153	3	1681766	0.0000018
all	1156	1	1681766	0.0000006
all	1160	3	1681766	0.0000018
all	1161	1	1681766	0.0000006
all	1162	1	1681766	0.0000006
all	1163	1	1681766	0.0000006
all	1169	1	1681766	0.0000006
all	1171	2	1681766	0.0000012
all	1172	2	1681766	0.0000012
all	1173	2	1681766	0.0000012
all	1174	2	1681766	0.0000012
all	1175	2	1681766	0.0000012
all	1176	2	1681766	0.0000012
all	1177	1	1681766	0.0000006
all	1179	2	1681766	0.0000012
all	1180	3	1681766	0.0000018
all	1183	2	1681766	0.0000012
all	1184	2	1681766	0.0000012
all	1185	1	1681766	0.0000006
all	1186	1	1681766	0.0000006
all	1187	3	1681766	0.0000018
all	1188	2	1681766	0.0000012
all	1189	2	1681766	0.0000012
all	1190	5	1681766	0.0000030
all	1191	3	1681766	0.0000018
all	1192	7	1681766	0.0000042
all	1193	2	1681766	0.0000012
all	1194	2	1681766	0.0000012
all	1195	3	1681766	0.0000018
all	1196	3	1681766	0.0000018
all	1198	3	1681766	0.0000018
all	1199	1	1681766	0.0000006
all	1200	3	1681766	0.0000018
all	1201	4	1681766	0.0000024
all	1202	2	1681766	0.0000012
all	1203	3	1681766	0.0000018
all	1204	3	1681766	0.0000018
all	1205	3	1681766	0.0000018
all	1206	5	1681766	0.0000030
all	1207	1	1681766	0.0000006
all	1209	2	1681766	0.0000012
all	1211	3	1681766	0.0000018
all	1212	2	1681766	0.0000012
all	1213	2	1681766	0.0000012
all	1214	1	1681766	0.0000006
all	1215	2	1681766	0.0000012
all	1216	1	1681766	0.0000006
all	1218	2	1681766	0.0000012
all	1219	2	1681766	0.0000012
all	1220	3	1681766	0.0000018
all	1221	1	1681766	0.0000006
all	1222	3	1681766	0.0000018
all	1223	1	1681766	0.0000006
all	1224	1	1681766	0.0000006
all	1225	2	1681766	0.0000012
all	1226	5	1681766	0.0000030
all	1227	8	1681766	0.0000048
all	1228	1	1681766	0.0000006
all	1231	3	1681766	0.0000018
all	1232	2	1681766	0.0000012
all	1233	3	1681766	0.0000018
all	1235	1	1681766	0.0000006
all	1236	4	1681766	0.0000024
all	1237	2	1681766	0.0000012
all	1238	6	1681766	0.0000036
all	1239	2	1681766	0.0000012
all	1240	1	1681766	0.0000006
all	1241	3	1681766	0.0000018
all	1242	3	1681766	0.0000018
all	1243	3	1681766	0.0000018
all	1244	2	1681766	0.0000012
all	1245	2	1681766	0.0000012
all	1246	4	1681766	0.0000024
all	1247	5	1681766	0.0000030
all	1248	2	1681766	0.0000012
all	1249	5	1681766	0.0000030
all	1250	5	1681766	0.0000030
all	1251	1	1681766	0.0000006
all	1253	2	1681766	0.0000012
all	1254	2	1681766	0.0000012
all	1255	3	1681766	0.0000018
all	1256	4	1681766	0.0000024
all	1257	1	1681766	0.0000006
all	1258	3	1681766	0.0000018
all	1259	1	1681766	0.0000006
all	1260	4	1681766	0.0000024
all	1261	2	1681766	0.0000012
all	1262	5	1681766	0.0000030
all	1263	4	1681766	0.0000024
all	1264	1	1681766	0.0000006
all	1265	2	1681766	0.0000012
all	1266	1	1681766	0.0000006
all	1267	2	1681766	0.0000012
all	1268	3	1681766	0.0000018
all	1269	3	1681766	0.0000018
all	1270	3	1681766	0.0000018
all	1271	1	1681766	0.0000006
all	1272	2	1681766	0.0000012
all	1273	1	1681766	0.0000006
all	1275	4	1681766	0.0000024
all	1276	1	1681766	0.0000006
all	1277	1	1681766	0.0000006
all	1278	3	1681766	0.0000018
all	1279	1	1681766	0.0000006
all	1280	9	1681766	0.0000054
all	1281	9	1681766	0.0000054
all	1282	7	1681766	0.0000042
all	1283	4	1681766	0.0000024
all	1284	6	1681766	0.0000036
all	1285	4	1681766	0.0000024
all	1287	5	1681766	0.0000030
all	1288	6	1681766	0.0000036
all	1289	6	1681766	0.0000036
all	1290	8	1681766	0.0000048
all	1293	3	1681766	0.0000018
all	1294	2	1681766	0.0000012
all	1296	1	1681766	0.0000006
all	1297	2	1681766	0.0000012
all	1298	2	1681766	0.0000012
all	1299	1	1681766	0.0000006
all	1300	5	1681766	0.0000030
all	1301	2	1681766	0.0000012
all	1303	3	1681766	0.0000018
all	1304	2	1681766	0.0000012
all	1305	2	1681766	0.0000012
all	1306	1	1681766	0.0000006
all	1307	4	1681766	0.0000024
all	1308	5	1681766	0.0000030
all	1309	5	1681766	0.0000030
all	1310	4	1681766	0.0000024
all	1311	2	1681766	0.0000012
all	1312	2	1681766	0.0000012
all	1313	3	1681766	0.0000018
all	1314	3	1681766	0.0000018
all	1315	4	1681766	0.0000024
all	1316	2	1681766	0.0000012
all	1317	1	1681766	0.0000006
all	1318	3	1681766	0.0000018
all	1319	4	1681766	0.0000024
all	1320	1	1681766	0.0000006
all	1321	4	1681766	0.0000024
all	1322	5	1681766	0.0000030
all	1323	3	1681766	0.0000018
all	1324	3	1681766	0.0000018
all	1325	6	1681766	0.0000036
all	1326	4	1681766	0.0000024
all	1327	4	1681766	0.0000024
all	1328	2	1681766	0.0000012
all	1329	6	1681766	0.0000036
all	1330	5	1681766	0.0000030
all	1331	4	1681766	0.0000024
all	1332	8	1681766	0.0000048
all	1333	8	1681766	0.0000048
all	1334	5	1681766	0.0000030
all	1335	2	1681766	0.0000012
all	1336	7	1681766	0.0000042
all	1337	1	1681766	0.0000006
all	1338	1	1681766	0.0000006
all	1339	1	1681766	0.0000006
all	1340	1	1681766	0.0000006
all	1341	3	1681766	0.0000018
all	1342	2	1681766	0.0000012
all	1343	2	1681766	0.0000012
all	1344	1	1681766	0.0000006
all	1345	3	1681766	0.0000018
all	1346	3	1681766	0.0000018
all	1347	1	1681766	0.0000006
all	1348	2	1681766	0.0000012
all	1349	2	1681766	0.0000012
all	1350	2	1681766	0.0000012
all	1351	2	1681766	0.0000012
all	1352	1	1681766	0.0000006
all	1353	1	1681766	0.0000006
all	1354	1	1681766	0.0000006
all	1355	2	1681766	0.0000012
all	1356	3	1681766	0.0000018
all	1357	1	1681766	0.0000006
all	1359	2	1681766	0.0000012
all	1360	2	1681766	0.0000012
all	1361	1	1681766	0.0000006
all	1367	1	1681766	0.0000006
all	1368	1	1681766	0.0000006
all	1369	1	1681766	0.0000006
all	1373	1	1681766	0.0000006
all	1380	2	1681766	0.0000012
all	1381	1	1681766	0.0000006
all	1384	2	1681766	0.0000012
all	1385	1	1681766	0.0000006
all	1387	1	1681766	0.0000006
all	1390	1	1681766	0.0000006
all	1392	1	1681766	0.0000006
all	1393	1	1681766	0.0000006
all	1397	1	1681766	0.0000006
all	1399	1	1681766	0.0000006
all	1400	1	1681766	0.0000006
all	1401	1	1681766	0.0000006
all	1403	3	1681766	0.0000018
all	1405	1	1681766	0.0000006
all	1406	1	1681766	0.0000006
all	1407	1	1681766	0.0000006
all	1408	1	1681766	0.0000006
all	1411	1	1681766	0.0000006
all	1412	1	1681766	0.0000006
all	1413	2	1681766	0.0000012
all	1415	4	1681766	0.0000024
all	1417	5	1681766	0.0000030
all	1418	1	1681766	0.0000006
all	1419	1	1681766	0.0000006
all	1421	1	1681766	0.0000006
all	1422	1	1681766	0.0000006
all	1424	2	1681766	0.0000012
all	1425	2	1681766	0.0000012
all	1427	1	1681766	0.0000006
all	1429	4	1681766	0.0000024
all	1431	2	1681766	0.0000012
all	1432	3	1681766	0.0000018
all	1433	3	1681766	0.0000018
all	1434	1	1681766	0.0000006
all	1436	2	1681766	0.0000012
all	1438	4	1681766	0.0000024
all	1439	1	1681766	0.0000006
all	1441	3	1681766	0.0000018
all	1442	1	1681766	0.0000006
all	1444	1	1681766	0.0000006
all	1445	2	1681766	0.0000012
all	1446	6	1681766	0.0000036
all	1449	1	1681766	0.0000006
all	1450	2	1681766	0.0000012
all	1451	1	1681766	0.0000006
all	1452	3	1681766	0.0000018
all	1453	2	1681766	0.0000012
all	1454	2	1681766	0.0000012
all	1456	2	1681766	0.0000012
all	1457	1	1681766	0.0000006
all	1458	3	1681766	0.0000018
all	1459	4	1681766	0.0000024
all	1460	4	1681766	0.0000024
all	1461	1	1681766	0.0000006
all	1462	1	1681766	0.0000006
all	1463	4	1681766	0.0000024
all	1464	2	1681766	0.0000012
all	1465	1	1681766	0.0000006
all	1466	2	1681766	0.0000012
all	1467	5	1681766	0.0000030
all	1468	1	1681766	0.0000006
all	1470	1	1681766	0.0000006
all	1471	1	1681766	0.0000006
all	1472	1	1681766	0.0000006
all	1473	4	1681766	0.0000024
all	1474	3	1681766	0.0000018
all	1475	1	1681766	0.0000006
all	1476	2	1681766	0.0000012
all	1477	2	1681766	0.0000012
all	1478	1	1681766	0.0000006
all	1479	4	1681766	0.0000024
all	1480	4	1681766	0.0000024
all	1481	1	1681766	0.0000006
all	1482	5	1681766	0.0000030
all	1483	5	1681766	0.0000030
all	1484	1	1681766	0.0000006
all	1485	4	1681766	0.0000024
all	1486	1	1681766	0.0000006
all	1487	2	1681766	0.0000012
all	1488	1	1681766	0.0000006
all	1489	1	1681766	0.0000006
all	1490	4	1681766	0.0000024
all	1493	3	1681766	0.0000018
all	1494	4	1681766	0.0000024
all	1495	4	1681766	0.0000024
all	1497	2	1681766	0.0000012
all	1498	2	1681766	0.0000012
all	1499	4	1681766	0.0000024
all	1500	4	1681766	0.0000024
all	1501	1	1681766	0.0000006
all	1502	2	1681766	0.0000012
all	1503	3	1681766	0.0000018
all	1504	3	1681766	0.0000018
all	1505	1	1681766	0.0000006
all	1506	7	1681766	0.0000042
all	1507	3	1681766	0.0000018
all	1508	5	1681766	0.0000030
all	1509	3	1681766	0.0000018
all	1511	3	1681766	0.0000018
all	1512	6	1681766	0.0000036
all	1513	2	1681766	0.0000012
all	1517	1	1681766	0.0000006
all	1518	1	1681766	0.0000006
all	1519	1	1681766	0.0000006
all	1520	1	1681766	0.0000006
all	1521	1	1681766	0.0000006
all	1523	1	1681766	0.0000006
all	1524	1	1681766	0.0000006
all	1526	3	1681766	0.0000018
all	1527	3	1681766	0.0000018
all	1529	2	1681766	0.0000012
all	1530	6	1681766	0.0000036
all	1534	2	1681766	0.0000012
all	1538	2	1681766	0.0000012
all	1540	1	1681766	0.0000006
all	1541	4	1681766	0.0000024
all	1542	2	1681766	0.0000012
all	1543	3	1681766	0.0000018
all	1545	1	1681766	0.0000006
all	1546	1	1681766	0.0000006
all	1547	3	1681766	0.0000018
all	1553	1	1681766	0.0000006
all	1554	7	1681766	0.0000042
all	1555	1	1681766	0.0000006
all	1556	2	1681766	0.0000012
all	1561	1	1681766	0.0000006
all	1566	1	1681766	0.0000006
all	1568	2	1681766	0.0000012
all	1571	2	1681766	0.0000012
all	1573	1	1681766	0.0000006
all	1574	1	1681766	0.0000006
all	1575	3	1681766	0.0000018
all	1576	6	1681766	0.0000036
all	1577	3	1681766	0.0000018
all	1579	4	1681766	0.0000024
all	1580	2	1681766	0.0000012
all	1581	2	1681766	0.0000012
all	1582	1	1681766	0.0000006
all	1584	1	1681766	0.0000006
all	1585	1	1681766	0.0000006
all	1587	3	1681766	0.0000018
all	1588	3	1681766	0.0000018
all	1589	6	1681766	0.0000036
all	1590	7	1681766	0.0000042
all	1591	1	1681766	0.0000006
all	1592	3	1681766	0.0000018
all	1594	2	1681766	0.0000012
all	1595	4	1681766	0.0000024
all	1597	2	1681766	0.0000012
all	1599	4	1681766	0.0000024
all	1600	5	1681766	0.0000030
all	1603	1	1681766	0.0000006
all	1605	1	1681766	0.0000006
all	1609	1	1681766	0.0000006
all	1610	3	1681766	0.0000018
all	1611	4	1681766	0.0000024
all	1612	2	1681766	0.0000012
all	1615	2	1681766	0.0000012
all	1616	2	1681766	0.0000012
all	1617	1	1681766	0.0000006
all	1618	3	1681766	0.0000018
all	1619	2	1681766	0.0000012
all	1620	3	1681766	0.0000018
all	1621	1	1681766	0.0000006
all	1624	3	1681766	0.0000018
all	1625	1	1681766	0.0000006
all	1626	4	1681766	0.0000024
all	1631	1	1681766	0.0000006
all	1632	3	1681766	0.0000018
all	1633	1	1681766	0.0000006
all	1635	1	1681766	0.0000006
all	1637	2	1681766	0.0000012
all	1638	2	1681766	0.0000012
all	1639	1	1681766	0.0000006
all	1640	1	1681766	0.0000006
all	1641	2	1681766	0.0000012
all	1642	3	1681766	0.0000018
all	1643	2	1681766	0.0000012
all	1645	2	1681766	0.0000012
all	1646	3	1681766	0.0000018
all	1647	3	1681766	0.0000018
all	1648	3	1681766	0.0000018
all	1649	1	1681766	0.0000006
all	1651	6	1681766	0.0000036
all	1652	5	1681766	0.0000030
all	1653	1	1681766	0.0000006
all	1654	3	1681766	0.0000018
all	1655	2	1681766	0.0000012
all	1656	3	1681766	0.0000018
all	1657	3	1681766	0.0000018
all	1658	1	1681766	0.0000006
all	1660	1	1681766	0.0000006
all	1661	1	1681766	0.0000006
all	1663	1	1681766	0.0000006
all	1667	3	1681766	0.0000018
all	1668	1	1681766	0.0000006
all	1680	6	1681766	0.0000036
all	1681	5	1681766	0.0000030
all	1684	4	1681766	0.0000024
all	1691	1	1681766	0.0000006
all	1694	1	1681766	0.0000006
all	1714	1	1681766	0.0000006
all	1721	1	1681766	0.0000006
all	1749	1	1681766	0.0000006
all	1752	1	1681766	0.0000006
all	1753	4	1681766	0.0000024
all	1755	4	1681766	0.0000024
all	1765	4	1681766	0.0000024
all	1774	5	1681766	0.0000030
all	1777	4	1681766	0.0000024
all	1782	2	1681766	0.0000012
all	1784	4	1681766	0.0000024
all	1786	5	1681766	0.0000030
all	1788	5	1681766	0.0000030
all	1789	5	1681766	0.0000030
all	1790	5	1681766	0.0000030
all	1791	5	1681766	0.0000030
all	1793	5	1681766	0.0000030
all	1801	5	1681766	0.0000030
all	1802	10	1681766	0.0000059
all	1805	5	1681766	0.0000030
all	1809	15	1681766	0.0000089
all	1810	10	1681766	0.0000059
all	1814	2	1681766	0.0000012
all	1815	5	1681766	0.0000030
all	1816	5	1681766	0.0000030
all	1817	5	1681766	0.0000030
all	1818	5	1681766	0.0000030
all	1819	5	1681766	0.0000030
all	1828	6	1681766	0.0000036
all	1831	6	1681766	0.0000036
all	1832	5	1681766	0.0000030
all	1833	6	1681766	0.0000036
all	1834	6	1681766	0.0000036
all	1835	6	1681766	0.0000036
all	1836	10	1681766	0.0000059
all	1837	2	1681766	0.0000012
all	1840	5	1681766	0.0000030
all	1842	5	1681766	0.0000030
all	1847	2	1681766	0.0000012
all	1850	6	1681766	0.0000036
all	1853	5	1681766	0.0000030
all	1856	7	1681766	0.0000042
all	1869	12	1681766	0.0000071
all	1870	6	1681766	0.0000036
all	1872	5	1681766	0.0000030
all	1873	5	1681766	0.0000030
all	1874	6	1681766	0.0000036
all	1875	2	1681766	0.0000012
all	1876	10	1681766	0.0000059
all	1879	5	1681766	0.0000030
all	1881	5	1681766	0.0000030
all	1884	5	1681766	0.0000030
all	1887	2	1681766	0.0000012
all	1890	5	1681766	0.0000030
all	1892	5	1681766	0.0000030
all	1897	12	1681766	0.0000071
all	1900	23	1681766	0.0000137
all	1901	3	1681766	0.0000018
all	1903	6	1681766	0.0000036
all	1905	2	1681766	0.0000012
all	1906	6	1681766	0.0000036
all	1907	11	1681766	0.0000065
all	1909	6	1681766	0.0000036
all	1912	6	1681766	0.0000036
all	1913	5	1681766	0.0000030
all	1914	2	1681766	0.0000012
all	1924	5	1681766	0.0000030
all	1926	2	1681766	0.0000012
all	1930	2	1681766	0.0000012
all	1947	2	1681766	0.0000012
all	1952	2	1681766	0.0000012
all	1959	1	1681766	0.0000006
all	1972	2	1681766	0.0000012
all	1986	2	1681766	0.0000012
all	1988	1	1681766	0.0000006
all	1991	1	1681766	0.0000006
all	1997	2	1681766	0.0000012
all	1999	1	1681766	0.0000006
all	2003	1	1681766	0.0000006
all	2006	1	1681766	0.0000006
all	2010	2	1681766	0.0000012
all	2012	4	1681766	0.0000024
all	2014	3	1681766	0.0000018
all	2015	2	1681766	0.0000012
all	2016	1	1681766	0.0000006
all	2019	2	1681766	0.0000012
all	2022	2	1681766	0.0000012
all	2026	3	1681766	0.0000018
all	2028	4	1681766	0.0000024
all	2029	1	1681766	0.0000006
all	2030	5	1681766	0.0000030
all	2031	1	1681766	0.0000006
all	2032	1	1681766	0.0000006
all	2033	1	1681766	0.0000006
all	2036	1	1681766	0.0000006
all	2038	1	1681766	0.0000006
all	2042	1	1681766	0.0000006
all	2044	2	1681766	0.0000012
all	2045	2	1681766	0.0000012
all	2046	1	1681766	0.0000006
all	2052	1	1681766	0.0000006
all	2054	1	1681766	0.0000006
all	2055	1	1681766	0.0000006
all	2056	1	1681766	0.0000006
all	2058	1	1681766	0.0000006
all	2068	1	1681766	0.0000006
all	2074	2	1681766	0.0000012
all	2075	1	1681766	0.0000006
all	2076	1	1681766	0.0000006
all	2077	1	1681766	0.0000006
all	2078	2	1681766	0.0000012
all	2079	2	1681766	0.0000012
all	2085	1	1681766	0.0000006
all	2095	1	1681766	0.0000006
all	2096	2	1681766	0.0000012
all	2097	1	1681766	0.0000006
all	2103	2	1681766	0.0000012
all	2104	1	1681766	0.0000006
all	2109	2	1681766	0.0000012
all	2110	1	1681766	0.0000006
all	2112	1	1681766	0.0000006
all	2115	1	1681766	0.0000006
all	2116	1	1681766	0.0000006
all	2118	1	1681766	0.0000006
all	2120	1	1681766	0.0000006
all	2122	1	1681766	0.0000006
all	2123	1	1681766	0.0000006
all	2131	2	1681766	0.0000012
all	2135	2	1681766	0.0000012
all	2138	2	1681766	0.0000012
all	2139	1	1681766	0.0000006
all	2141	3	1681766	0.0000018
all	2143	1	1681766	0.0000006
all	2150	1	1681766	0.0000006
all	2157	1	1681766	0.0000006
all	2159	1	1681766	0.0000006
all	2169	1	1681766	0.0000006
all	2175	1	1681766	0.0000006
all	2183	1	1681766	0.0000006
all	2197	1	1681766	0.0000006
all	2206	1	1681766	0.0000006
all	2221	1	1681766	0.0000006
all	2224	1	1681766	0.0000006
all	2228	2	1681766	0.0000012
all	2248	1	1681766	0.0000006
all	2255	2	1681766	0.0000012
all	2265	1	1681766	0.0000006
all	2284	1	1681766	0.0000006
all	2322	2	1681766	0.0000012
all	2325	2	1681766	0.0000012
all	2330	2	1681766	0.0000012
all	2337	2	1681766	0.0000012
all	2351	1	1681766	0.0000006
all	2383	2	1681766	0.0000012
all	2402	1	1681766	0.0000006
all	2415	2	1681766	0.0000012
all	2434	1	1681766	0.0000006
all	2441	2	1681766	0.0000012
all	2481	1	1681766	0.0000006
all	2508	2	1681766	0.0000012
all	2525	1	1681766	0.0000006
all	2550	1	1681766	0.0000006
all	2551	2	1681766	0.0000012
all	2568	2	1681766	0.0000012
all	2584	1	1681766	0.0000006
all	2595	2	1681766	0.0000012
all	2608	2	1681766	0.0000012
all	2615	2	1681766	0.0000012
all	2620	2	1681766	0.0000012
all	2621	2	1681766	0.0000012
all	2630	2	1681766	0.0000012
all	2633	2	1681766	0.0000012
all	2664	2	1681766	0.0000012
all	2679	2	1681766	0.0000012
all	2684	2	1681766	0.0000012
all	2693	3	1681766	0.0000018
all	2701	3	1681766	0.0000018
all	2703	3	1681766	0.0000018
all	2713	3	1681766	0.0000018
all	2714	2	1681766	0.0000012
all	2722	5	1681766	0.0000030
all	2728	3	1681766	0.0000018
all	2765	2	1681766	0.0000012
all	2776	3	1681766	0.0000018
all	2797	3	1681766	0.0000018
all	2831	2	1681766	0.0000012
all	2835	3	1681766	0.0000018
all	2882	2	1681766	0.0000012
all	2925	2	1681766	0.0000012
all	2938	3	1681766	0.0000018
all	2961	2	1681766	0.0000012
all	2985	3	1681766	0.0000018
all	2995	4	1681766	0.0000024
all	3002	2	1681766	0.0000012
all	3004	2	1681766	0.0000012
all	3006	2	1681766	0.0000012
all	3008	2	1681766	0.0000012
all	3009	6	1681766	0.0000036
all	3012	2	1681766	0.0000012
all	3016	4	1681766	0.0000024
all	3026	2	1681766	0.0000012
all	3048	3	1681766	0.0000018
all	3059	2	1681766	0.0000012
all	3060	2	1681766	0.0000012
all	3066	2	1681766	0.0000012
all	3068	3	1681766	0.0000018
all	3090	2	1681766	0.0000012
all	3098	3	1681766	0.0000018
all	3124	3	1681766	0.0000018
all	3138	3	1681766	0.0000018
all	3161	3	1681766	0.0000018
all	3182	3	1681766	0.0000018
all	3188	2	1681766	0.0000012
all	3222	3	1681766	0.0000018
all	3247	3	1681766	0.0000018
all	3260	5	1681766	0.0000030
all	3264	3	1681766	0.0000018
all	3285	3	1681766	0.0000018
all	3288	2	1681766	0.0000012
all	3318	3	1681766	0.0000018
all	3332	3	1681766	0.0000018
all	3335	3	1681766	0.0000018
all	3339	3	1681766	0.0000018
all	3346	2	1681766	0.0000012
all	3358	3	1681766	0.0000018
all	3383	3	1681766	0.0000018
all	3385	4	1681766	0.0000024
all	3393	2	1681766	0.0000012
all	3402	2	1681766	0.0000012
all	3422	2	1681766	0.0000012
all	3436	2	1681766	0.0000012
all	3444	2	1681766	0.0000012
all	3462	2	1681766	0.0000012
all	3484	2	1681766	0.0000012
all	3501	2	1681766	0.0000012
all	3503	2	1681766	0.0000012
all	3506	2	1681766	0.0000012
all	3512	2	1681766	0.0000012
all	3532	2	1681766	0.0000012
all	3543	2	1681766	0.0000012
all	3548	2	1681766	0.0000012
all	3557	1	1681766	0.0000006
all	3558	1	1681766	0.0000006
all	3567	1	1681766	0.0000006
all	3571	1	1681766	0.0000006
all	3582	1	1681766	0.0000006
all	3592	1	1681766	0.0000006
all	3598	2	1681766	0.0000012
all	3603	1	1681766	0.0000006
all	3610	2	1681766	0.0000012
all	3621	2	1681766	0.0000012
all	3623	2	1681766	0.0000012
all	3627	1	1681766	0.0000006
all	3636	2	1681766	0.0000012
all	3637	2	1681766	0.0000012
all	3640	2	1681766	0.0000012
all	3650	2	1681766	0.0000012
all	3654	2	1681766	0.0000012
all	3655	2	1681766	0.0000012
all	3657	3	1681766	0.0000018
all	3679	3	1681766	0.0000018
all	3690	1	1681766	0.0000006
all	3699	1	1681766	0.0000006
all	3702	3	1681766	0.0000018
all	3707	1	1681766	0.0000006
all	3714	2	1681766	0.0000012
all	3718	3	1681766	0.0000018
all	3724	2	1681766	0.0000012
all	3727	1	1681766	0.0000006
all	3731	5	1681766	0.0000030
all	3732	3	1681766	0.0000018
all	3739	1	1681766	0.0000006
all	3744	2	1681766	0.0000012
all	3746	3	1681766	0.0000018
all	3749	2	1681766	0.0000012
all	3753	1	1681766	0.0000006
all	3785	1	1681766	0.0000006
all	3798	1	1681766	0.0000006
all	3806	2	1681766	0.0000012
all	3828	2	1681766	0.0000012
all	3829	4	1681766	0.0000024
all	3831	2	1681766	0.0000012
all	3832	4	1681766	0.0000024
all	3833	1	1681766	0.0000006
all	3835	1	1681766	0.0000006
all	3836	2	1681766	0.0000012
all	3846	2	1681766	0.0000012
all	3850	4	1681766	0.0000024
all	3851	1	1681766	0.0000006
all	3858	4	1681766	0.0000024
all	3862	2	1681766	0.0000012
all	3869	2	1681766	0.0000012
all	3873	2	1681766	0.0000012
