all	0	344299	715407	0.4812631
all	1	6667	715407	0.0093192
all	2	138967	715407	0.1942489
all	3	5436	715407	0.0075985
all	4	73067	715407	0.1021335
all	5	5045	715407	0.0070519
all	6	43887	715407	0.0613455
all	7	3802	715407	0.0053145
all	8	28117	715407	0.0393021
all	9	3096	715407	0.0043276
all	10	16676	715407	0.0233098
all	11	2280	715407	0.0031870
all	12	10937	715407	0.0152878
all	13	1456	715407	0.0020352
all	14	7836	715407	0.0109532
all	15	1418	715407	0.0019821
all	16	3737	715407	0.0052236
all	17	915	715407	0.0012790
all	18	3000	715407	0.0041934
all	19	837	715407	0.0011700
all	20	2184	715407	0.0030528
all	21	743	715407	0.0010386
all	22	2058	715407	0.0028767
all	23	254	715407	0.0003550
all	24	707	715407	0.0009882
all	25	278	715407	0.0003886
all	26	565	715407	0.0007898
all	27	374	715407	0.0005228
all	28	617	715407	0.0008624
all	29	206	715407	0.0002879
all	30	714	715407	0.0009980
all	31	279	715407	0.0003900
all	32	456	715407	0.0006374
all	33	188	715407	0.0002628
all	34	111	715407	0.0001552
all	35	136	715407	0.0001901
all	36	183	715407	0.0002558
all	37	57	715407	0.0000797
all	38	230	715407	0.0003215
all	39	27	715407	0.0000377
all	40	223	715407	0.0003117
all	41	36	715407	0.0000503
all	42	111	715407	0.0001552
all	43	24	715407	0.0000335
all	44	150	715407	0.0002097
all	45	28	715407	0.0000391
all	46	73	715407	0.0001020
all	47	28	715407	0.0000391
all	48	56	715407	0.0000783
all	49	49	715407	0.0000685
all	50	78	715407	0.0001090
all	51	21	715407	0.0000294
all	52	181	715407	0.0002530
all	53	56	715407	0.0000783
all	54	115	715407	0.0001607
all	55	37	715407	0.0000517
all	56	110	715407	0.0001538
all	57	44	715407	0.0000615
all	58	46	715407	0.0000643
all	59	29	715407	0.0000405
all	60	49	715407	0.0000685
all	61	36	715407	0.0000503
all	62	22	715407	0.0000308
all	63	17	715407	0.0000238
all	64	54	715407	0.0000755
all	65	28	715407	0.0000391
all	66	35	715407	0.0000489
all	67	34	715407	0.0000475
all	68	24	715407	0.0000335
all	69	23	715407	0.0000321
all	70	24	715407	0.0000335
all	71	120	715407	0.0001677
all	72	25	715407	0.0000349
all	73	16	715407	0.0000224
all	74	27	715407	0.0000377
all	75	30	715407	0.0000419
all	76	45	715407	0.0000629
all	77	47	715407	0.0000657
all	78	14	715407	0.0000196
all	79	15	715407	0.0000210
all	80	34	715407	0.0000475
all	81	56	715407	0.0000783
all	82	25	715407	0.0000349
all	83	37	715407	0.0000517
all	84	31	715407	0.0000433
all	85	40	715407	0.0000559
all	86	34	715407	0.0000475
all	87	23	715407	0.0000321
all	88	14	715407	0.0000196
all	89	25	715407	0.0000349
all	90	14	715407	0.0000196
all	91	12	715407	0.0000168
all	92	26	715407	0.0000363
all	93	12	715407	0.0000168
all	94	50	715407	0.0000699
all	95	23	715407	0.0000321
all	96	14	715407	0.0000196
all	97	9	715407	0.0000126
all	98	12	715407	0.0000168
all	99	10	715407	0.0000140
all	100	7	715407	0.0000098
all	101	3	715407	0.0000042
all	102	7	715407	0.0000098
all	103	10	715407	0.0000140
all	104	23	715407	0.0000321
all	105	21	715407	0.0000294
all	106	22	715407	0.0000308
all	107	8	715407	0.0000112
all	108	6	715407	0.0000084
all	109	9	715407	0.0000126
all	110	23	715407	0.0000321
all	111	22	715407	0.0000308
all	112	78	715407	0.0001090
all	113	21	715407	0.0000294
all	114	17	715407	0.0000238
all	115	2	715407	0.0000028
all	116	1	715407	0.0000014
all	117	12	715407	0.0000168
all	118	19	715407	0.0000266
all	119	2	715407	0.0000028
all	120	3	715407	0.0000042
all	121	4	715407	0.0000056
all	122	7	715407	0.0000098
all	123	10	715407	0.0000140
all	124	7	715407	0.0000098
all	125	11	715407	0.0000154
all	126	28	715407	0.0000391
all	127	6	715407	0.0000084
all	128	5	715407	0.0000070
all	129	11	715407	0.0000154
all	130	6	715407	0.0000084
all	131	16	715407	0.0000224
all	132	10	715407	0.0000140
all	133	3	715407	0.0000042
all	134	6	715407	0.0000084
all	135	3	715407	0.0000042
all	136	8	715407	0.0000112
all	138	7	715407	0.0000098
all	139	5	715407	0.0000070
all	140	6	715407	0.0000084
all	141	4	715407	0.0000056
all	142	7	715407	0.0000098
all	143	5	715407	0.0000070
all	144	8	715407	0.0000112
all	145	8	715407	0.0000112
all	146	8	715407	0.0000112
all	147	18	715407	0.0000252
all	148	10	715407	0.0000140
all	149	8	715407	0.0000112
all	150	3	715407	0.0000042
all	151	3	715407	0.0000042
all	152	3	715407	0.0000042
all	153	1	715407	0.0000014
all	154	1	715407	0.0000014
all	155	1	715407	0.0000014
all	156	1	715407	0.0000014
all	157	5	715407	0.0000070
all	158	5	715407	0.0000070
all	159	5	715407	0.0000070
all	160	2	715407	0.0000028
all	161	1	715407	0.0000014
all	164	6	715407	0.0000084
all	165	5	715407	0.0000070
all	167	2	715407	0.0000028
all	168	1	715407	0.0000014
all	170	2	715407	0.0000028
all	171	2	715407	0.0000028
all	172	11	715407	0.0000154
all	174	1	715407	0.0000014
all	176	4	715407	0.0000056
all	179	3	715407	0.0000042
all	180	9	715407	0.0000126
all	181	1	715407	0.0000014
all	183	4	715407	0.0000056
all	184	8	715407	0.0000112
all	185	7	715407	0.0000098
all	186	2	715407	0.0000028
all	188	3	715407	0.0000042
all	189	1	715407	0.0000014
all	192	2	715407	0.0000028
all	194	2	715407	0.0000028
all	195	1	715407	0.0000014
all	197	2	715407	0.0000028
all	198	1	715407	0.0000014
all	200	2	715407	0.0000028
all	201	2	715407	0.0000028
all	202	1	715407	0.0000014
all	203	2	715407	0.0000028
all	204	3	715407	0.0000042
all	206	11	715407	0.0000154
all	207	2	715407	0.0000028
all	208	2	715407	0.0000028
all	209	5	715407	0.0000070
all	210	2	715407	0.0000028
all	211	3	715407	0.0000042
all	212	5	715407	0.0000070
all	213	4	715407	0.0000056
all	214	6	715407	0.0000084
all	215	7	715407	0.0000098
all	216	1	715407	0.0000014
all	217	3	715407	0.0000042
all	218	3	715407	0.0000042
all	219	1	715407	0.0000014
all	225	1	715407	0.0000014
all	226	1	715407	0.0000014
all	227	1	715407	0.0000014
all	232	1	715407	0.0000014
all	236	3	715407	0.0000042
all	237	1	715407	0.0000014
all	238	6	715407	0.0000084
all	239	2	715407	0.0000028
all	240	1	715407	0.0000014
all	241	4	715407	0.0000056
all	242	2	715407	0.0000028
all	244	1	715407	0.0000014
all	245	3	715407	0.0000042
all	246	2	715407	0.0000028
all	248	1	715407	0.0000014
all	249	2	715407	0.0000028
all	267	1	715407	0.0000014
all	276	2	715407	0.0000028
all	290	1	715407	0.0000014
all	293	1	715407	0.0000014
all	298	1	715407	0.0000014
all	303	1	715407	0.0000014
all	307	1	715407	0.0000014
all	312	1	715407	0.0000014
all	318	1	715407	0.0000014
all	319	2	715407	0.0000028
all	322	2	715407	0.0000028
all	324	2	715407	0.0000028
all	334	1	715407	0.0000014
all	344	1	715407	0.0000014
all	346	2	715407	0.0000028
all	348	1	715407	0.0000014
all	350	1	715407	0.0000014
all	352	1	715407	0.0000014
all	362	1	715407	0.0000014
all	396	1	715407	0.0000014
all	400	1	715407	0.0000014
all	402	1	715407	0.0000014
all	406	1	715407	0.0000014
all	420	1	715407	0.0000014
all	422	1	715407	0.0000014
all	427	1	715407	0.0000014
all	447	3	715407	0.0000042
all	449	1	715407	0.0000014
all	459	1	715407	0.0000014
all	465	1	715407	0.0000014
all	472	1	715407	0.0000014
all	479	1	715407	0.0000014
all	484	1	715407	0.0000014
all	503	1	715407	0.0000014
all	505	1	715407	0.0000014
all	522	1	715407	0.0000014
all	542	1	715407	0.0000014
all	543	1	715407	0.0000014
all	544	1	715407	0.0000014
all	551	1	715407	0.0000014
all	563	3	715407	0.0000042
all	568	2	715407	0.0000028
all	569	1	715407	0.0000014
all	573	1	715407	0.0000014
all	575	1	715407	0.0000014
all	579	1	715407	0.0000014
all	583	1	715407	0.0000014
all	591	1	715407	0.0000014
all	596	1	715407	0.0000014
all	597	2	715407	0.0000028
all	600	1	715407	0.0000014
all	601	1	715407	0.0000014
all	603	1	715407	0.0000014
all	605	1	715407	0.0000014
all	609	2	715407	0.0000028
all	611	2	715407	0.0000028
all	612	1	715407	0.0000014
all	613	1	715407	0.0000014
all	615	1	715407	0.0000014
all	616	2	715407	0.0000028
all	617	1	715407	0.0000014
all	622	2	715407	0.0000028
all	623	1	715407	0.0000014
all	630	1	715407	0.0000014
all	635	1	715407	0.0000014
all	636	1	715407	0.0000014
all	637	2	715407	0.0000028
all	638	1	715407	0.0000014
all	641	2	715407	0.0000028
all	642	2	715407	0.0000028
all	645	1	715407	0.0000014
all	651	3	715407	0.0000042
all	654	1	715407	0.0000014
all	655	1	715407	0.0000014
all	660	1	715407	0.0000014
all	661	1	715407	0.0000014
all	663	1	715407	0.0000014
all	664	2	715407	0.0000028
all	667	2	715407	0.0000028
all	668	1	715407	0.0000014
all	669	2	715407	0.0000028
all	672	1	715407	0.0000014
all	675	1	715407	0.0000014
all	681	1	715407	0.0000014
all	682	1	715407	0.0000014
all	683	1	715407	0.0000014
all	685	2	715407	0.0000028
all	686	2	715407	0.0000028
all	688	2	715407	0.0000028
all	690	1	715407	0.0000014
all	691	1	715407	0.0000014
all	692	3	715407	0.0000042
all	693	1	715407	0.0000014
all	701	2	715407	0.0000028
all	702	1	715407	0.0000014
all	705	1	715407	0.0000014
