all	0	110025	1528347	0.0719895
all	1	3802	1528347	0.0024877
all	2	54393	1528347	0.0355894
all	3	6005	1528347	0.0039291
all	4	49901	1528347	0.0326503
all	5	7444	1528347	0.0048706
all	6	47271	1528347	0.0309295
all	7	9021	1528347	0.0059025
all	8	48595	1528347	0.0317958
all	9	10817	1528347	0.0070776
all	10	48858	1528347	0.0319679
all	11	12173	1528347	0.0079648
all	12	44511	1528347	0.0291236
all	13	13675	1528347	0.0089476
all	14	43519	1528347	0.0284746
all	15	13904	1528347	0.0090974
all	16	41363	1528347	0.0270639
all	17	15212	1528347	0.0099532
all	18	40015	1528347	0.0261819
all	19	15437	1528347	0.0101005
all	20	36919	1528347	0.0241562
all	21	15795	1528347	0.0103347
all	22	35114	1528347	0.0229751
all	23	16031	1528347	0.0104891
all	24	33126	1528347	0.0216744
all	25	16333	1528347	0.0106867
all	26	31883	1528347	0.0208611
all	27	16868	1528347	0.0110368
all	28	29655	1528347	0.0194033
all	29	15230	1528347	0.0099650
all	30	27578	1528347	0.0180443
all	31	14915	1528347	0.0097589
all	32	26216	1528347	0.0171532
all	33	14342	1528347	0.0093840
all	34	24165	1528347	0.0158112
all	35	14124	1528347	0.0092414
all	36	22299	1528347	0.0145903
all	37	13376	1528347	0.0087519
all	38	19815	1528347	0.0129650
all	39	12793	1528347	0.0083705
all	40	19478	1528347	0.0127445
all	41	12322	1528347	0.0080623
all	42	17886	1528347	0.0117028
all	43	11738	1528347	0.0076802
all	44	16449	1528347	0.0107626
all	45	9997	1528347	0.0065411
all	46	14285	1528347	0.0093467
all	47	10583	1528347	0.0069245
all	48	13109	1528347	0.0085772
all	49	9810	1528347	0.0064187
all	50	12069	1528347	0.0078968
all	51	8791	1528347	0.0057520
all	52	11373	1528347	0.0074414
all	53	8370	1528347	0.0054765
all	54	10900	1528347	0.0071319
all	55	8019	1528347	0.0052468
all	56	8999	1528347	0.0058881
all	57	6840	1528347	0.0044754
all	58	8326	1528347	0.0054477
all	59	6637	1528347	0.0043426
all	60	7670	1528347	0.0050185
all	61	6243	1528347	0.0040848
all	62	6922	1528347	0.0045291
all	63	5676	1528347	0.0037138
all	64	6127	1528347	0.0040089
all	65	5206	1528347	0.0034063
all	66	6305	1528347	0.0041254
all	67	4411	1528347	0.0028861
all	68	5209	1528347	0.0034083
all	69	4231	1528347	0.0027684
all	70	5390	1528347	0.0035267
all	71	4046	1528347	0.0026473
all	72	4347	1528347	0.0028442
all	73	3408	1528347	0.0022299
all	74	4056	1528347	0.0026538
all	75	3194	1528347	0.0020898
all	76	3379	1528347	0.0022109
all	77	3112	1528347	0.0020362
all	78	3478	1528347	0.0022757
all	79	2916	1528347	0.0019079
all	80	3125	1528347	0.0020447
all	81	2928	1528347	0.0019158
all	82	3256	1528347	0.0021304
all	83	2924	1528347	0.0019132
all	84	2677	1528347	0.0017516
all	85	2520	1528347	0.0016488
all	86	2591	1528347	0.0016953
all	87	2135	1528347	0.0013969
all	88	2247	1528347	0.0014702
all	89	2129	1528347	0.0013930
all	90	2097	1528347	0.0013721
all	91	1834	1528347	0.0012000
all	92	2130	1528347	0.0013937
all	93	2043	1528347	0.0013367
all	94	1939	1528347	0.0012687
all	95	1836	1528347	0.0012013
all	96	1864	1528347	0.0012196
all	97	1622	1528347	0.0010613
all	98	1637	1528347	0.0010711
all	99	1485	1528347	0.0009716
all	100	1522	1528347	0.0009958
all	101	1566	1528347	0.0010246
all	102	1444	1528347	0.0009448
all	103	1390	1528347	0.0009095
all	104	1423	1528347	0.0009311
all	105	1367	1528347	0.0008944
all	106	1316	1528347	0.0008611
all	107	1155	1528347	0.0007557
all	108	1173	1528347	0.0007675
all	109	1230	1528347	0.0008048
all	110	1056	1528347	0.0006909
all	111	1017	1528347	0.0006654
all	112	1231	1528347	0.0008054
all	113	1132	1528347	0.0007407
all	114	842	1528347	0.0005509
all	115	898	1528347	0.0005876
all	116	823	1528347	0.0005385
all	117	827	1528347	0.0005411
all	118	715	1528347	0.0004678
all	119	788	1528347	0.0005156
all	120	901	1528347	0.0005895
all	121	870	1528347	0.0005692
all	122	835	1528347	0.0005463
all	123	879	1528347	0.0005751
all	124	895	1528347	0.0005856
all	125	897	1528347	0.0005869
all	126	633	1528347	0.0004142
all	127	683	1528347	0.0004469
all	128	645	1528347	0.0004220
all	129	903	1528347	0.0005908
all	130	738	1528347	0.0004829
all	131	735	1528347	0.0004809
all	132	639	1528347	0.0004181
all	133	907	1528347	0.0005935
all	134	746	1528347	0.0004881
all	135	915	1528347	0.0005987
all	136	560	1528347	0.0003664
all	137	577	1528347	0.0003775
all	138	478	1528347	0.0003128
all	139	604	1528347	0.0003952
all	140	782	1528347	0.0005117
all	141	513	1528347	0.0003357
all	142	454	1528347	0.0002971
all	143	367	1528347	0.0002401
all	144	572	1528347	0.0003743
all	145	353	1528347	0.0002310
all	146	455	1528347	0.0002977
all	147	374	1528347	0.0002447
all	148	350	1528347	0.0002290
all	149	417	1528347	0.0002728
all	150	405	1528347	0.0002650
all	151	375	1528347	0.0002454
all	152	426	1528347	0.0002787
all	153	417	1528347	0.0002728
all	154	354	1528347	0.0002316
all	155	317	1528347	0.0002074
all	156	319	1528347	0.0002087
all	157	414	1528347	0.0002709
all	158	252	1528347	0.0001649
all	159	298	1528347	0.0001950
all	160	369	1528347	0.0002414
all	161	354	1528347	0.0002316
all	162	447	1528347	0.0002925
all	163	291	1528347	0.0001904
all	164	244	1528347	0.0001596
all	165	340	1528347	0.0002225
all	166	268	1528347	0.0001754
all	167	278	1528347	0.0001819
all	168	229	1528347	0.0001498
all	169	304	1528347	0.0001989
all	170	281	1528347	0.0001839
all	171	234	1528347	0.0001531
all	172	313	1528347	0.0002048
all	173	239	1528347	0.0001564
all	174	218	1528347	0.0001426
all	175	403	1528347	0.0002637
all	176	188	1528347	0.0001230
all	177	216	1528347	0.0001413
all	178	214	1528347	0.0001400
all	179	227	1528347	0.0001485
all	180	253	1528347	0.0001655
all	181	232	1528347	0.0001518
all	182	137	1528347	0.0000896
all	183	185	1528347	0.0001210
all	184	253	1528347	0.0001655
all	185	194	1528347	0.0001269
all	186	208	1528347	0.0001361
all	187	198	1528347	0.0001296
all	188	161	1528347	0.0001053
all	189	191	1528347	0.0001250
all	190	175	1528347	0.0001145
all	191	265	1528347	0.0001734
all	192	145	1528347	0.0000949
all	193	206	1528347	0.0001348
all	194	177	1528347	0.0001158
all	195	248	1528347	0.0001623
all	196	278	1528347	0.0001819
all	197	166	1528347	0.0001086
all	198	201	1528347	0.0001315
all	199	182	1528347	0.0001191
all	200	257	1528347	0.0001682
all	201	169	1528347	0.0001106
all	202	223	1528347	0.0001459
all	203	139	1528347	0.0000909
all	204	155	1528347	0.0001014
all	205	162	1528347	0.0001060
all	206	144	1528347	0.0000942
all	207	212	1528347	0.0001387
all	208	226	1528347	0.0001479
all	209	203	1528347	0.0001328
all	210	145	1528347	0.0000949
all	211	253	1528347	0.0001655
all	212	169	1528347	0.0001106
all	213	207	1528347	0.0001354
all	214	160	1528347	0.0001047
all	215	177	1528347	0.0001158
all	216	213	1528347	0.0001394
all	217	174	1528347	0.0001138
all	218	159	1528347	0.0001040
all	219	216	1528347	0.0001413
all	220	145	1528347	0.0000949
all	221	100	1528347	0.0000654
all	222	216	1528347	0.0001413
all	223	103	1528347	0.0000674
all	224	121	1528347	0.0000792
all	225	172	1528347	0.0001125
all	226	341	1528347	0.0002231
all	227	125	1528347	0.0000818
all	228	162	1528347	0.0001060
all	229	136	1528347	0.0000890
all	230	90	1528347	0.0000589
all	231	171	1528347	0.0001119
all	232	126	1528347	0.0000824
all	233	99	1528347	0.0000648
all	234	114	1528347	0.0000746
all	235	144	1528347	0.0000942
all	236	126	1528347	0.0000824
all	237	129	1528347	0.0000844
all	238	127	1528347	0.0000831
all	239	123	1528347	0.0000805
all	240	126	1528347	0.0000824
all	241	119	1528347	0.0000779
all	242	113	1528347	0.0000739
all	243	87	1528347	0.0000569
all	244	155	1528347	0.0001014
all	245	100	1528347	0.0000654
all	246	129	1528347	0.0000844
all	247	147	1528347	0.0000962
all	248	238	1528347	0.0001557
all	249	106	1528347	0.0000694
all	250	112	1528347	0.0000733
all	251	102	1528347	0.0000667
all	252	96	1528347	0.0000628
all	253	134	1528347	0.0000877
all	254	131	1528347	0.0000857
all	255	122	1528347	0.0000798
all	256	106	1528347	0.0000694
all	257	124	1528347	0.0000811
all	258	133	1528347	0.0000870
all	259	118	1528347	0.0000772
all	260	123	1528347	0.0000805
all	261	119	1528347	0.0000779
all	262	103	1528347	0.0000674
all	263	89	1528347	0.0000582
all	264	188	1528347	0.0001230
all	265	137	1528347	0.0000896
all	266	194	1528347	0.0001269
all	267	119	1528347	0.0000779
all	268	96	1528347	0.0000628
all	269	152	1528347	0.0000995
all	270	104	1528347	0.0000680
all	271	159	1528347	0.0001040
all	272	81	1528347	0.0000530
all	273	86	1528347	0.0000563
all	274	90	1528347	0.0000589
all	275	101	1528347	0.0000661
all	276	93	1528347	0.0000609
all	277	72	1528347	0.0000471
all	278	81	1528347	0.0000530
all	279	242	1528347	0.0001583
all	280	88	1528347	0.0000576
all	281	98	1528347	0.0000641
all	282	91	1528347	0.0000595
all	283	75	1528347	0.0000491
all	284	85	1528347	0.0000556
all	285	88	1528347	0.0000576
all	286	110	1528347	0.0000720
all	287	82	1528347	0.0000537
all	288	95	1528347	0.0000622
all	289	95	1528347	0.0000622
all	290	111	1528347	0.0000726
all	291	108	1528347	0.0000707
all	292	62	1528347	0.0000406
all	293	75	1528347	0.0000491
all	294	61	1528347	0.0000399
all	295	86	1528347	0.0000563
all	296	56	1528347	0.0000366
all	297	82	1528347	0.0000537
all	298	55	1528347	0.0000360
all	299	73	1528347	0.0000478
all	300	94	1528347	0.0000615
all	301	94	1528347	0.0000615
all	302	64	1528347	0.0000419
all	303	70	1528347	0.0000458
all	304	70	1528347	0.0000458
all	305	153	1528347	0.0001001
all	306	152	1528347	0.0000995
all	307	50	1528347	0.0000327
all	308	94	1528347	0.0000615
all	309	80	1528347	0.0000523
all	310	61	1528347	0.0000399
all	311	57	1528347	0.0000373
all	312	71	1528347	0.0000465
all	313	81	1528347	0.0000530
all	314	66	1528347	0.0000432
all	315	51	1528347	0.0000334
all	316	71	1528347	0.0000465
all	317	63	1528347	0.0000412
all	318	201	1528347	0.0001315
all	319	84	1528347	0.0000550
all	320	40	1528347	0.0000262
all	321	51	1528347	0.0000334
all	322	72	1528347	0.0000471
all	323	43	1528347	0.0000281
all	324	51	1528347	0.0000334
all	325	47	1528347	0.0000308
all	326	87	1528347	0.0000569
all	327	57	1528347	0.0000373
all	328	66	1528347	0.0000432
all	329	39	1528347	0.0000255
all	330	66	1528347	0.0000432
all	331	54	1528347	0.0000353
all	332	71	1528347	0.0000465
all	333	45	1528347	0.0000294
all	334	84	1528347	0.0000550
all	335	39	1528347	0.0000255
all	336	59	1528347	0.0000386
all	337	43	1528347	0.0000281
all	338	73	1528347	0.0000478
all	339	47	1528347	0.0000308
all	340	64	1528347	0.0000419
all	341	39	1528347	0.0000255
all	342	37	1528347	0.0000242
all	343	75	1528347	0.0000491
all	344	42	1528347	0.0000275
all	345	40	1528347	0.0000262
all	346	52	1528347	0.0000340
all	347	46	1528347	0.0000301
all	348	39	1528347	0.0000255
all	349	82	1528347	0.0000537
all	350	60	1528347	0.0000393
all	351	62	1528347	0.0000406
all	352	63	1528347	0.0000412
all	353	54	1528347	0.0000353
all	354	90	1528347	0.0000589
all	355	36	1528347	0.0000236
all	356	58	1528347	0.0000379
all	357	64	1528347	0.0000419
all	358	76	1528347	0.0000497
all	359	92	1528347	0.0000602
all	360	60	1528347	0.0000393
all	361	42	1528347	0.0000275
all	362	55	1528347	0.0000360
all	363	58	1528347	0.0000379
all	364	72	1528347	0.0000471
all	365	43	1528347	0.0000281
all	366	63	1528347	0.0000412
all	367	35	1528347	0.0000229
all	368	40	1528347	0.0000262
all	369	51	1528347	0.0000334
all	370	87	1528347	0.0000569
all	371	43	1528347	0.0000281
all	372	73	1528347	0.0000478
all	373	56	1528347	0.0000366
all	374	60	1528347	0.0000393
all	375	52	1528347	0.0000340
all	376	35	1528347	0.0000229
all	377	68	1528347	0.0000445
all	378	35	1528347	0.0000229
all	379	30	1528347	0.0000196
all	380	39	1528347	0.0000255
all	381	26	1528347	0.0000170
all	382	37	1528347	0.0000242
all	383	26	1528347	0.0000170
all	384	27	1528347	0.0000177
all	385	28	1528347	0.0000183
all	386	34	1528347	0.0000222
all	387	43	1528347	0.0000281
all	388	178	1528347	0.0001165
all	389	72	1528347	0.0000471
all	390	40	1528347	0.0000262
all	391	49	1528347	0.0000321
all	392	48	1528347	0.0000314
all	393	63	1528347	0.0000412
all	394	56	1528347	0.0000366
all	395	39	1528347	0.0000255
all	396	39	1528347	0.0000255
all	397	45	1528347	0.0000294
all	398	40	1528347	0.0000262
all	399	50	1528347	0.0000327
all	400	20	1528347	0.0000131
all	401	23	1528347	0.0000150
all	402	28	1528347	0.0000183
all	403	29	1528347	0.0000190
all	404	32	1528347	0.0000209
all	405	45	1528347	0.0000294
all	406	38	1528347	0.0000249
all	407	35	1528347	0.0000229
all	408	52	1528347	0.0000340
all	409	18	1528347	0.0000118
all	410	40	1528347	0.0000262
all	411	18	1528347	0.0000118
all	412	45	1528347	0.0000294
all	413	28	1528347	0.0000183
all	414	26	1528347	0.0000170
all	415	37	1528347	0.0000242
all	416	31	1528347	0.0000203
all	417	16	1528347	0.0000105
all	418	39	1528347	0.0000255
all	419	27	1528347	0.0000177
all	420	54	1528347	0.0000353
all	421	22	1528347	0.0000144
all	422	36	1528347	0.0000236
all	423	18	1528347	0.0000118
all	424	34	1528347	0.0000222
all	425	50	1528347	0.0000327
all	426	54	1528347	0.0000353
all	427	14	1528347	0.0000092
all	428	64	1528347	0.0000419
all	429	20	1528347	0.0000131
all	430	47	1528347	0.0000308
all	431	15	1528347	0.0000098
all	432	37	1528347	0.0000242
all	433	51	1528347	0.0000334
all	434	39	1528347	0.0000255
all	435	37	1528347	0.0000242
all	436	31	1528347	0.0000203
all	437	43	1528347	0.0000281
all	438	36	1528347	0.0000236
all	439	48	1528347	0.0000314
all	440	52	1528347	0.0000340
all	441	46	1528347	0.0000301
all	442	24	1528347	0.0000157
all	443	31	1528347	0.0000203
all	444	41	1528347	0.0000268
all	445	26	1528347	0.0000170
all	446	28	1528347	0.0000183
all	447	28	1528347	0.0000183
all	448	42	1528347	0.0000275
all	449	48	1528347	0.0000314
all	450	45	1528347	0.0000294
all	451	22	1528347	0.0000144
all	452	47	1528347	0.0000308
all	453	54	1528347	0.0000353
all	454	67	1528347	0.0000438
all	455	60	1528347	0.0000393
all	456	96	1528347	0.0000628
all	457	41	1528347	0.0000268
all	458	82	1528347	0.0000537
all	459	35	1528347	0.0000229
all	460	40	1528347	0.0000262
all	461	101	1528347	0.0000661
all	462	116	1528347	0.0000759
all	463	27	1528347	0.0000177
all	464	26	1528347	0.0000170
all	465	29	1528347	0.0000190
all	466	25	1528347	0.0000164
all	467	18	1528347	0.0000118
all	468	23	1528347	0.0000150
all	469	36	1528347	0.0000236
all	470	42	1528347	0.0000275
all	471	33	1528347	0.0000216
all	472	33	1528347	0.0000216
all	473	31	1528347	0.0000203
all	474	38	1528347	0.0000249
all	475	28	1528347	0.0000183
all	476	92	1528347	0.0000602
all	477	139	1528347	0.0000909
all	478	193	1528347	0.0001263
all	479	54	1528347	0.0000353
all	480	40	1528347	0.0000262
all	481	35	1528347	0.0000229
all	482	67	1528347	0.0000438
all	483	50	1528347	0.0000327
all	484	23	1528347	0.0000150
all	485	108	1528347	0.0000707
all	486	38	1528347	0.0000249
all	487	37	1528347	0.0000242
all	488	41	1528347	0.0000268
all	489	42	1528347	0.0000275
all	490	15	1528347	0.0000098
all	491	55	1528347	0.0000360
all	492	26	1528347	0.0000170
all	493	47	1528347	0.0000308
all	494	33	1528347	0.0000216
all	495	32	1528347	0.0000209
all	496	34	1528347	0.0000222
all	497	42	1528347	0.0000275
all	498	16	1528347	0.0000105
all	499	28	1528347	0.0000183
all	500	17	1528347	0.0000111
all	501	39	1528347	0.0000255
all	502	25	1528347	0.0000164
all	503	22	1528347	0.0000144
all	504	26	1528347	0.0000170
all	505	7	1528347	0.0000046
all	506	15	1528347	0.0000098
all	507	36	1528347	0.0000236
all	508	21	1528347	0.0000137
all	509	53	1528347	0.0000347
all	510	30	1528347	0.0000196
all	511	96	1528347	0.0000628
all	512	36	1528347	0.0000236
all	513	28	1528347	0.0000183
all	514	33	1528347	0.0000216
all	515	23	1528347	0.0000150
all	516	30	1528347	0.0000196
all	517	17	1528347	0.0000111
all	518	21	1528347	0.0000137
all	519	37	1528347	0.0000242
all	520	15	1528347	0.0000098
all	521	31	1528347	0.0000203
all	522	26	1528347	0.0000170
all	523	45	1528347	0.0000294
all	524	14	1528347	0.0000092
all	525	18	1528347	0.0000118
all	526	34	1528347	0.0000222
all	527	34	1528347	0.0000222
all	528	44	1528347	0.0000288
all	529	31	1528347	0.0000203
all	530	10	1528347	0.0000065
all	531	26	1528347	0.0000170
all	532	26	1528347	0.0000170
all	533	21	1528347	0.0000137
all	534	10	1528347	0.0000065
all	535	14	1528347	0.0000092
all	536	24	1528347	0.0000157
all	537	27	1528347	0.0000177
all	538	54	1528347	0.0000353
all	539	49	1528347	0.0000321
all	540	36	1528347	0.0000236
all	541	18	1528347	0.0000118
all	542	26	1528347	0.0000170
all	543	42	1528347	0.0000275
all	544	22	1528347	0.0000144
all	545	37	1528347	0.0000242
all	546	38	1528347	0.0000249
all	547	41	1528347	0.0000268
all	548	29	1528347	0.0000190
all	549	52	1528347	0.0000340
all	550	50	1528347	0.0000327
all	551	28	1528347	0.0000183
all	552	16	1528347	0.0000105
all	553	21	1528347	0.0000137
all	554	33	1528347	0.0000216
all	555	33	1528347	0.0000216
all	556	24	1528347	0.0000157
all	557	18	1528347	0.0000118
all	558	27	1528347	0.0000177
all	559	23	1528347	0.0000150
all	560	35	1528347	0.0000229
all	561	73	1528347	0.0000478
all	562	26	1528347	0.0000170
all	563	24	1528347	0.0000157
all	564	61	1528347	0.0000399
all	565	43	1528347	0.0000281
all	566	95	1528347	0.0000622
all	567	22	1528347	0.0000144
all	568	14	1528347	0.0000092
all	569	39	1528347	0.0000255
all	570	68	1528347	0.0000445
all	571	24	1528347	0.0000157
all	572	26	1528347	0.0000170
all	573	12	1528347	0.0000079
all	574	14	1528347	0.0000092
all	575	28	1528347	0.0000183
all	576	34	1528347	0.0000222
all	577	26	1528347	0.0000170
all	578	24	1528347	0.0000157
all	579	12	1528347	0.0000079
all	580	10	1528347	0.0000065
all	581	24	1528347	0.0000157
all	582	9	1528347	0.0000059
all	583	16	1528347	0.0000105
all	584	9	1528347	0.0000059
all	585	32	1528347	0.0000209
all	586	15	1528347	0.0000098
all	587	9	1528347	0.0000059
all	588	35	1528347	0.0000229
all	589	23	1528347	0.0000150
all	590	14	1528347	0.0000092
all	591	10	1528347	0.0000065
all	592	25	1528347	0.0000164
all	593	26	1528347	0.0000170
all	594	10	1528347	0.0000065
all	595	6	1528347	0.0000039
all	596	17	1528347	0.0000111
all	597	11	1528347	0.0000072
all	598	18	1528347	0.0000118
all	599	4	1528347	0.0000026
all	600	14	1528347	0.0000092
all	601	7	1528347	0.0000046
all	602	11	1528347	0.0000072
all	603	13	1528347	0.0000085
all	604	7	1528347	0.0000046
all	605	11	1528347	0.0000072
all	606	13	1528347	0.0000085
all	607	6	1528347	0.0000039
all	608	9	1528347	0.0000059
all	609	3	1528347	0.0000020
all	610	4	1528347	0.0000026
all	611	14	1528347	0.0000092
all	612	3	1528347	0.0000020
all	613	4	1528347	0.0000026
all	614	15	1528347	0.0000098
all	615	14	1528347	0.0000092
all	616	7	1528347	0.0000046
all	617	4	1528347	0.0000026
all	618	8	1528347	0.0000052
all	619	15	1528347	0.0000098
all	620	13	1528347	0.0000085
all	621	7	1528347	0.0000046
all	622	6	1528347	0.0000039
all	623	7	1528347	0.0000046
all	624	22	1528347	0.0000144
all	625	8	1528347	0.0000052
all	626	9	1528347	0.0000059
all	627	10	1528347	0.0000065
all	628	17	1528347	0.0000111
all	629	11	1528347	0.0000072
all	630	20	1528347	0.0000131
all	631	3	1528347	0.0000020
all	632	14	1528347	0.0000092
all	633	9	1528347	0.0000059
all	634	12	1528347	0.0000079
all	635	5	1528347	0.0000033
all	636	12	1528347	0.0000079
all	637	5	1528347	0.0000033
all	638	24	1528347	0.0000157
all	639	10	1528347	0.0000065
all	640	4	1528347	0.0000026
all	641	13	1528347	0.0000085
all	642	17	1528347	0.0000111
all	643	12	1528347	0.0000079
all	644	17	1528347	0.0000111
all	645	9	1528347	0.0000059
all	646	12	1528347	0.0000079
all	647	14	1528347	0.0000092
all	648	18	1528347	0.0000118
all	649	15	1528347	0.0000098
all	650	30	1528347	0.0000196
all	651	10	1528347	0.0000065
all	652	8	1528347	0.0000052
all	653	7	1528347	0.0000046
all	654	12	1528347	0.0000079
all	655	5	1528347	0.0000033
all	656	8	1528347	0.0000052
all	657	16	1528347	0.0000105
all	658	35	1528347	0.0000229
all	659	33	1528347	0.0000216
all	660	25	1528347	0.0000164
all	661	37	1528347	0.0000242
all	662	23	1528347	0.0000150
all	663	7	1528347	0.0000046
all	664	9	1528347	0.0000059
all	665	12	1528347	0.0000079
all	666	5	1528347	0.0000033
all	667	13	1528347	0.0000085
all	668	8	1528347	0.0000052
all	669	10	1528347	0.0000065
all	670	15	1528347	0.0000098
all	671	5	1528347	0.0000033
all	672	14	1528347	0.0000092
all	673	22	1528347	0.0000144
all	674	5	1528347	0.0000033
all	675	3	1528347	0.0000020
all	676	12	1528347	0.0000079
all	677	9	1528347	0.0000059
all	678	12	1528347	0.0000079
all	679	31	1528347	0.0000203
all	680	8	1528347	0.0000052
all	681	13	1528347	0.0000085
all	682	7	1528347	0.0000046
all	683	165	1528347	0.0001080
all	684	7	1528347	0.0000046
all	685	2	1528347	0.0000013
all	686	3	1528347	0.0000020
all	687	7	1528347	0.0000046
all	688	12	1528347	0.0000079
all	689	5	1528347	0.0000033
all	690	17	1528347	0.0000111
all	691	6	1528347	0.0000039
all	692	9	1528347	0.0000059
all	693	13	1528347	0.0000085
all	694	7	1528347	0.0000046
all	695	12	1528347	0.0000079
all	696	7	1528347	0.0000046
all	697	10	1528347	0.0000065
all	698	11	1528347	0.0000072
all	699	8	1528347	0.0000052
all	700	6	1528347	0.0000039
all	701	8	1528347	0.0000052
all	702	10	1528347	0.0000065
all	703	3	1528347	0.0000020
all	704	3	1528347	0.0000020
all	705	13	1528347	0.0000085
all	706	20	1528347	0.0000131
all	707	6	1528347	0.0000039
all	708	6	1528347	0.0000039
all	709	11	1528347	0.0000072
all	710	7	1528347	0.0000046
all	711	12	1528347	0.0000079
all	712	10	1528347	0.0000065
all	713	6	1528347	0.0000039
all	714	3	1528347	0.0000020
all	715	8	1528347	0.0000052
all	716	16	1528347	0.0000105
all	717	8	1528347	0.0000052
all	718	9	1528347	0.0000059
all	719	9	1528347	0.0000059
all	720	12	1528347	0.0000079
all	721	14	1528347	0.0000092
all	722	15	1528347	0.0000098
all	723	6	1528347	0.0000039
all	724	16	1528347	0.0000105
all	725	12	1528347	0.0000079
all	726	9	1528347	0.0000059
all	727	5	1528347	0.0000033
all	728	13	1528347	0.0000085
all	729	4	1528347	0.0000026
all	730	11	1528347	0.0000072
all	731	15	1528347	0.0000098
all	732	4	1528347	0.0000026
all	733	12	1528347	0.0000079
all	734	5	1528347	0.0000033
all	735	9	1528347	0.0000059
all	736	14	1528347	0.0000092
all	737	4	1528347	0.0000026
all	738	15	1528347	0.0000098
all	739	6	1528347	0.0000039
all	740	9	1528347	0.0000059
all	741	6	1528347	0.0000039
all	742	13	1528347	0.0000085
all	743	18	1528347	0.0000118
all	744	24	1528347	0.0000157
all	745	12	1528347	0.0000079
all	746	18	1528347	0.0000118
all	747	10	1528347	0.0000065
all	748	12	1528347	0.0000079
all	749	3	1528347	0.0000020
all	750	8	1528347	0.0000052
all	751	8	1528347	0.0000052
all	752	12	1528347	0.0000079
all	753	11	1528347	0.0000072
all	754	7	1528347	0.0000046
all	755	12	1528347	0.0000079
all	756	7	1528347	0.0000046
all	757	9	1528347	0.0000059
all	758	4	1528347	0.0000026
all	759	2	1528347	0.0000013
all	760	11	1528347	0.0000072
all	761	11	1528347	0.0000072
all	762	8	1528347	0.0000052
all	763	4	1528347	0.0000026
all	764	7	1528347	0.0000046
all	765	14	1528347	0.0000092
all	766	6	1528347	0.0000039
all	767	8	1528347	0.0000052
all	768	2	1528347	0.0000013
all	769	7	1528347	0.0000046
all	770	5	1528347	0.0000033
all	771	4	1528347	0.0000026
all	772	13	1528347	0.0000085
all	773	4	1528347	0.0000026
all	774	14	1528347	0.0000092
all	775	4	1528347	0.0000026
all	776	7	1528347	0.0000046
all	777	9	1528347	0.0000059
all	778	7	1528347	0.0000046
all	779	10	1528347	0.0000065
all	780	6	1528347	0.0000039
all	781	7	1528347	0.0000046
all	782	7	1528347	0.0000046
all	783	3	1528347	0.0000020
all	784	4	1528347	0.0000026
all	785	5	1528347	0.0000033
all	786	7	1528347	0.0000046
all	787	2	1528347	0.0000013
all	788	5	1528347	0.0000033
all	789	3	1528347	0.0000020
all	790	6	1528347	0.0000039
all	791	12	1528347	0.0000079
all	792	5	1528347	0.0000033
all	793	3	1528347	0.0000020
all	794	5	1528347	0.0000033
all	795	3	1528347	0.0000020
all	796	2	1528347	0.0000013
all	797	4	1528347	0.0000026
all	798	1	1528347	0.0000007
all	799	1	1528347	0.0000007
all	800	3	1528347	0.0000020
all	801	7	1528347	0.0000046
all	802	5	1528347	0.0000033
all	803	7	1528347	0.0000046
all	804	5	1528347	0.0000033
all	805	6	1528347	0.0000039
all	806	9	1528347	0.0000059
all	807	3	1528347	0.0000020
all	808	1	1528347	0.0000007
all	809	4	1528347	0.0000026
all	810	2	1528347	0.0000013
all	811	6	1528347	0.0000039
all	812	6	1528347	0.0000039
all	813	4	1528347	0.0000026
all	814	14	1528347	0.0000092
all	815	7	1528347	0.0000046
all	816	2	1528347	0.0000013
all	817	7	1528347	0.0000046
all	818	5	1528347	0.0000033
all	819	6	1528347	0.0000039
all	820	9	1528347	0.0000059
all	821	11	1528347	0.0000072
all	822	8	1528347	0.0000052
all	823	2	1528347	0.0000013
all	824	16	1528347	0.0000105
all	825	7	1528347	0.0000046
all	826	3	1528347	0.0000020
all	827	4	1528347	0.0000026
all	828	9	1528347	0.0000059
all	829	5	1528347	0.0000033
all	830	4	1528347	0.0000026
all	831	7	1528347	0.0000046
all	832	4	1528347	0.0000026
all	833	17	1528347	0.0000111
all	834	6	1528347	0.0000039
all	835	9	1528347	0.0000059
all	836	4	1528347	0.0000026
all	837	11	1528347	0.0000072
all	838	8	1528347	0.0000052
all	839	8	1528347	0.0000052
all	840	8	1528347	0.0000052
all	841	17	1528347	0.0000111
all	842	14	1528347	0.0000092
all	843	19	1528347	0.0000124
all	844	10	1528347	0.0000065
all	845	8	1528347	0.0000052
all	846	4	1528347	0.0000026
all	847	3	1528347	0.0000020
all	848	7	1528347	0.0000046
all	849	6	1528347	0.0000039
all	850	3	1528347	0.0000020
all	851	9	1528347	0.0000059
all	852	4	1528347	0.0000026
all	853	9	1528347	0.0000059
all	854	13	1528347	0.0000085
all	855	9	1528347	0.0000059
all	856	5	1528347	0.0000033
all	857	5	1528347	0.0000033
all	858	9	1528347	0.0000059
all	859	8	1528347	0.0000052
all	860	8	1528347	0.0000052
all	861	11	1528347	0.0000072
all	862	10	1528347	0.0000065
all	863	8	1528347	0.0000052
all	864	2	1528347	0.0000013
all	865	14	1528347	0.0000092
all	866	10	1528347	0.0000065
all	867	6	1528347	0.0000039
all	868	6	1528347	0.0000039
all	869	6	1528347	0.0000039
all	870	2	1528347	0.0000013
all	871	7	1528347	0.0000046
all	872	1	1528347	0.0000007
all	873	13	1528347	0.0000085
all	874	7	1528347	0.0000046
all	875	6	1528347	0.0000039
all	876	7	1528347	0.0000046
all	877	5	1528347	0.0000033
all	878	7	1528347	0.0000046
all	879	2	1528347	0.0000013
all	880	5	1528347	0.0000033
all	881	8	1528347	0.0000052
all	882	4	1528347	0.0000026
all	883	2	1528347	0.0000013
all	884	10	1528347	0.0000065
all	885	6	1528347	0.0000039
all	886	10	1528347	0.0000065
all	887	9	1528347	0.0000059
all	888	5	1528347	0.0000033
all	889	6	1528347	0.0000039
all	890	10	1528347	0.0000065
all	891	10	1528347	0.0000065
all	893	12	1528347	0.0000079
all	894	6	1528347	0.0000039
all	895	3	1528347	0.0000020
all	896	5	1528347	0.0000033
all	897	7	1528347	0.0000046
all	898	8	1528347	0.0000052
all	899	2	1528347	0.0000013
all	900	1	1528347	0.0000007
all	901	6	1528347	0.0000039
all	902	6	1528347	0.0000039
all	903	6	1528347	0.0000039
all	904	3	1528347	0.0000020
all	905	11	1528347	0.0000072
all	906	4	1528347	0.0000026
all	907	9	1528347	0.0000059
all	908	9	1528347	0.0000059
all	909	4	1528347	0.0000026
all	910	3	1528347	0.0000020
all	911	6	1528347	0.0000039
all	912	4	1528347	0.0000026
all	913	6	1528347	0.0000039
all	914	7	1528347	0.0000046
all	915	7	1528347	0.0000046
all	916	15	1528347	0.0000098
all	917	7	1528347	0.0000046
all	918	7	1528347	0.0000046
all	919	8	1528347	0.0000052
all	920	4	1528347	0.0000026
all	921	6	1528347	0.0000039
all	922	2	1528347	0.0000013
all	923	7	1528347	0.0000046
all	924	7	1528347	0.0000046
all	925	10	1528347	0.0000065
all	927	5	1528347	0.0000033
all	928	17	1528347	0.0000111
all	929	11	1528347	0.0000072
all	930	4	1528347	0.0000026
all	931	17	1528347	0.0000111
all	932	17	1528347	0.0000111
all	933	1	1528347	0.0000007
all	934	2	1528347	0.0000013
all	935	18	1528347	0.0000118
all	936	5	1528347	0.0000033
all	937	8	1528347	0.0000052
all	938	7	1528347	0.0000046
all	939	5	1528347	0.0000033
all	940	13	1528347	0.0000085
all	941	7	1528347	0.0000046
all	942	1	1528347	0.0000007
all	943	8	1528347	0.0000052
all	944	4	1528347	0.0000026
all	945	9	1528347	0.0000059
all	946	16	1528347	0.0000105
all	947	2	1528347	0.0000013
all	948	8	1528347	0.0000052
all	949	11	1528347	0.0000072
all	950	4	1528347	0.0000026
all	951	4	1528347	0.0000026
all	952	8	1528347	0.0000052
all	953	3	1528347	0.0000020
all	954	5	1528347	0.0000033
all	955	7	1528347	0.0000046
all	956	12	1528347	0.0000079
all	957	4	1528347	0.0000026
all	958	4	1528347	0.0000026
all	959	5	1528347	0.0000033
all	960	9	1528347	0.0000059
all	961	2	1528347	0.0000013
all	962	8	1528347	0.0000052
all	963	7	1528347	0.0000046
all	964	5	1528347	0.0000033
all	965	8	1528347	0.0000052
all	966	4	1528347	0.0000026
all	967	8	1528347	0.0000052
all	968	4	1528347	0.0000026
all	969	2	1528347	0.0000013
all	970	2	1528347	0.0000013
all	971	18	1528347	0.0000118
all	972	3	1528347	0.0000020
all	973	13	1528347	0.0000085
all	974	5	1528347	0.0000033
all	975	13	1528347	0.0000085
all	976	9	1528347	0.0000059
all	977	8	1528347	0.0000052
all	978	23	1528347	0.0000150
all	979	8	1528347	0.0000052
all	980	5	1528347	0.0000033
all	981	12	1528347	0.0000079
all	982	8	1528347	0.0000052
all	983	8	1528347	0.0000052
all	984	1	1528347	0.0000007
all	985	4	1528347	0.0000026
all	986	1	1528347	0.0000007
all	987	11	1528347	0.0000072
all	988	3	1528347	0.0000020
all	989	7	1528347	0.0000046
all	990	8	1528347	0.0000052
all	991	5	1528347	0.0000033
all	992	7	1528347	0.0000046
all	993	8	1528347	0.0000052
all	994	4	1528347	0.0000026
all	995	8	1528347	0.0000052
all	996	5	1528347	0.0000033
all	997	8	1528347	0.0000052
all	998	2	1528347	0.0000013
all	999	9	1528347	0.0000059
all	1000	4	1528347	0.0000026
all	1001	11	1528347	0.0000072
all	1002	5	1528347	0.0000033
all	1003	4	1528347	0.0000026
all	1004	7	1528347	0.0000046
all	1005	9	1528347	0.0000059
all	1006	6	1528347	0.0000039
all	1007	11	1528347	0.0000072
all	1008	4	1528347	0.0000026
all	1009	6	1528347	0.0000039
all	1010	7	1528347	0.0000046
all	1011	9	1528347	0.0000059
all	1012	7	1528347	0.0000046
all	1013	4	1528347	0.0000026
all	1014	9	1528347	0.0000059
all	1015	2	1528347	0.0000013
all	1016	7	1528347	0.0000046
all	1017	3	1528347	0.0000020
all	1018	8	1528347	0.0000052
all	1019	9	1528347	0.0000059
all	1020	5	1528347	0.0000033
all	1021	4	1528347	0.0000026
all	1022	10	1528347	0.0000065
all	1023	6	1528347	0.0000039
all	1024	6	1528347	0.0000039
all	1025	13	1528347	0.0000085
all	1027	5	1528347	0.0000033
all	1028	4	1528347	0.0000026
all	1029	10	1528347	0.0000065
all	1030	1	1528347	0.0000007
all	1031	2	1528347	0.0000013
all	1032	5	1528347	0.0000033
all	1033	7	1528347	0.0000046
all	1034	9	1528347	0.0000059
all	1035	8	1528347	0.0000052
all	1036	5	1528347	0.0000033
all	1037	5	1528347	0.0000033
all	1038	14	1528347	0.0000092
all	1039	5	1528347	0.0000033
all	1040	11	1528347	0.0000072
all	1041	3	1528347	0.0000020
all	1042	5	1528347	0.0000033
all	1043	9	1528347	0.0000059
all	1044	7	1528347	0.0000046
all	1045	7	1528347	0.0000046
all	1046	5	1528347	0.0000033
all	1047	5	1528347	0.0000033
all	1048	5	1528347	0.0000033
all	1049	5	1528347	0.0000033
all	1050	1	1528347	0.0000007
all	1051	8	1528347	0.0000052
all	1052	4	1528347	0.0000026
all	1053	9	1528347	0.0000059
all	1054	7	1528347	0.0000046
all	1055	5	1528347	0.0000033
all	1056	9	1528347	0.0000059
all	1057	7	1528347	0.0000046
all	1058	16	1528347	0.0000105
all	1059	5	1528347	0.0000033
all	1060	5	1528347	0.0000033
all	1061	6	1528347	0.0000039
all	1062	10	1528347	0.0000065
all	1063	4	1528347	0.0000026
all	1064	12	1528347	0.0000079
all	1065	6	1528347	0.0000039
all	1066	1	1528347	0.0000007
all	1067	4	1528347	0.0000026
all	1068	3	1528347	0.0000020
all	1069	3	1528347	0.0000020
all	1070	4	1528347	0.0000026
all	1071	2	1528347	0.0000013
all	1072	1	1528347	0.0000007
all	1073	14	1528347	0.0000092
all	1074	4	1528347	0.0000026
all	1075	14	1528347	0.0000092
all	1076	4	1528347	0.0000026
all	1077	5	1528347	0.0000033
all	1078	14	1528347	0.0000092
all	1079	6	1528347	0.0000039
all	1080	22	1528347	0.0000144
all	1081	4	1528347	0.0000026
all	1082	38	1528347	0.0000249
all	1083	7	1528347	0.0000046
all	1084	6	1528347	0.0000039
all	1085	6	1528347	0.0000039
all	1086	14	1528347	0.0000092
all	1087	7	1528347	0.0000046
all	1088	7	1528347	0.0000046
all	1089	3	1528347	0.0000020
all	1090	14	1528347	0.0000092
all	1091	1	1528347	0.0000007
all	1092	15	1528347	0.0000098
all	1093	2	1528347	0.0000013
all	1094	1	1528347	0.0000007
all	1095	2	1528347	0.0000013
all	1096	3	1528347	0.0000020
all	1097	11	1528347	0.0000072
all	1098	8	1528347	0.0000052
all	1099	2	1528347	0.0000013
all	1100	8	1528347	0.0000052
all	1101	3	1528347	0.0000020
all	1102	8	1528347	0.0000052
all	1103	3	1528347	0.0000020
all	1104	3	1528347	0.0000020
all	1105	6	1528347	0.0000039
all	1106	2	1528347	0.0000013
all	1107	3	1528347	0.0000020
all	1108	6	1528347	0.0000039
all	1109	9	1528347	0.0000059
all	1110	3	1528347	0.0000020
all	1111	7	1528347	0.0000046
all	1112	5	1528347	0.0000033
all	1113	3	1528347	0.0000020
all	1114	5	1528347	0.0000033
all	1115	1	1528347	0.0000007
all	1116	3	1528347	0.0000020
all	1117	2	1528347	0.0000013
all	1118	4	1528347	0.0000026
all	1119	4	1528347	0.0000026
all	1120	2	1528347	0.0000013
all	1121	2	1528347	0.0000013
all	1122	2	1528347	0.0000013
all	1123	5	1528347	0.0000033
all	1124	5	1528347	0.0000033
all	1125	7	1528347	0.0000046
all	1126	1	1528347	0.0000007
all	1128	1	1528347	0.0000007
all	1129	9	1528347	0.0000059
all	1130	5	1528347	0.0000033
all	1131	2	1528347	0.0000013
all	1132	4	1528347	0.0000026
all	1133	2	1528347	0.0000013
all	1134	1	1528347	0.0000007
all	1135	2	1528347	0.0000013
all	1136	4	1528347	0.0000026
all	1137	8	1528347	0.0000052
all	1138	8	1528347	0.0000052
all	1139	4	1528347	0.0000026
all	1140	2	1528347	0.0000013
all	1141	1	1528347	0.0000007
all	1142	2	1528347	0.0000013
all	1143	1	1528347	0.0000007
all	1144	4	1528347	0.0000026
all	1145	4	1528347	0.0000026
all	1146	4	1528347	0.0000026
all	1147	9	1528347	0.0000059
all	1148	6	1528347	0.0000039
all	1149	6	1528347	0.0000039
all	1150	7	1528347	0.0000046
all	1151	13	1528347	0.0000085
all	1152	5	1528347	0.0000033
all	1153	8	1528347	0.0000052
all	1154	3	1528347	0.0000020
all	1156	8	1528347	0.0000052
all	1157	8	1528347	0.0000052
all	1158	4	1528347	0.0000026
all	1159	6	1528347	0.0000039
all	1160	4	1528347	0.0000026
all	1161	14	1528347	0.0000092
all	1162	4	1528347	0.0000026
all	1163	4	1528347	0.0000026
all	1164	5	1528347	0.0000033
all	1165	3	1528347	0.0000020
all	1166	2	1528347	0.0000013
all	1167	5	1528347	0.0000033
all	1170	4	1528347	0.0000026
all	1171	3	1528347	0.0000020
all	1172	7	1528347	0.0000046
all	1173	5	1528347	0.0000033
all	1174	2	1528347	0.0000013
all	1175	14	1528347	0.0000092
all	1176	5	1528347	0.0000033
all	1177	2	1528347	0.0000013
all	1178	5	1528347	0.0000033
all	1179	4	1528347	0.0000026
all	1181	1	1528347	0.0000007
all	1183	6	1528347	0.0000039
all	1184	2	1528347	0.0000013
all	1185	5	1528347	0.0000033
all	1186	3	1528347	0.0000020
all	1187	2	1528347	0.0000013
all	1188	2	1528347	0.0000013
all	1189	3	1528347	0.0000020
all	1190	4	1528347	0.0000026
all	1191	6	1528347	0.0000039
all	1192	3	1528347	0.0000020
all	1193	6	1528347	0.0000039
all	1194	3	1528347	0.0000020
all	1195	3	1528347	0.0000020
all	1197	8	1528347	0.0000052
all	1198	4	1528347	0.0000026
all	1199	2	1528347	0.0000013
all	1200	3	1528347	0.0000020
all	1201	3	1528347	0.0000020
all	1202	3	1528347	0.0000020
all	1203	9	1528347	0.0000059
all	1204	9	1528347	0.0000059
all	1205	5	1528347	0.0000033
all	1206	4	1528347	0.0000026
all	1207	1	1528347	0.0000007
all	1208	6	1528347	0.0000039
all	1209	3	1528347	0.0000020
all	1210	6	1528347	0.0000039
all	1211	4	1528347	0.0000026
all	1214	7	1528347	0.0000046
all	1215	7	1528347	0.0000046
all	1216	7	1528347	0.0000046
all	1217	4	1528347	0.0000026
all	1218	2	1528347	0.0000013
all	1219	12	1528347	0.0000079
all	1220	4	1528347	0.0000026
all	1221	6	1528347	0.0000039
all	1222	4	1528347	0.0000026
all	1223	2	1528347	0.0000013
all	1224	10	1528347	0.0000065
all	1225	7	1528347	0.0000046
all	1226	1	1528347	0.0000007
all	1227	4	1528347	0.0000026
all	1228	4	1528347	0.0000026
all	1229	6	1528347	0.0000039
all	1230	9	1528347	0.0000059
all	1231	4	1528347	0.0000026
all	1232	8	1528347	0.0000052
all	1233	4	1528347	0.0000026
all	1234	8	1528347	0.0000052
all	1235	2	1528347	0.0000013
all	1236	6	1528347	0.0000039
all	1237	7	1528347	0.0000046
all	1238	6	1528347	0.0000039
all	1239	7	1528347	0.0000046
all	1240	6	1528347	0.0000039
all	1241	2	1528347	0.0000013
all	1242	8	1528347	0.0000052
all	1243	3	1528347	0.0000020
all	1244	3	1528347	0.0000020
all	1245	2	1528347	0.0000013
all	1247	11	1528347	0.0000072
all	1248	3	1528347	0.0000020
all	1249	5	1528347	0.0000033
all	1250	9	1528347	0.0000059
all	1251	8	1528347	0.0000052
all	1252	3	1528347	0.0000020
all	1253	5	1528347	0.0000033
all	1254	10	1528347	0.0000065
all	1255	8	1528347	0.0000052
all	1256	11	1528347	0.0000072
all	1257	3	1528347	0.0000020
all	1258	2	1528347	0.0000013
all	1259	12	1528347	0.0000079
all	1260	3	1528347	0.0000020
all	1261	1	1528347	0.0000007
all	1262	1	1528347	0.0000007
all	1263	3	1528347	0.0000020
all	1264	8	1528347	0.0000052
all	1265	3	1528347	0.0000020
all	1266	3	1528347	0.0000020
all	1267	7	1528347	0.0000046
all	1268	9	1528347	0.0000059
all	1269	13	1528347	0.0000085
all	1270	7	1528347	0.0000046
all	1271	4	1528347	0.0000026
all	1272	7	1528347	0.0000046
all	1273	8	1528347	0.0000052
all	1274	10	1528347	0.0000065
all	1275	6	1528347	0.0000039
all	1276	8	1528347	0.0000052
all	1277	5	1528347	0.0000033
all	1278	2	1528347	0.0000013
all	1279	4	1528347	0.0000026
all	1280	3	1528347	0.0000020
all	1281	5	1528347	0.0000033
all	1282	8	1528347	0.0000052
all	1283	4	1528347	0.0000026
all	1284	1	1528347	0.0000007
all	1285	4	1528347	0.0000026
all	1287	4	1528347	0.0000026
all	1288	1	1528347	0.0000007
all	1289	9	1528347	0.0000059
all	1290	4	1528347	0.0000026
all	1291	2	1528347	0.0000013
all	1292	4	1528347	0.0000026
all	1293	1	1528347	0.0000007
all	1294	6	1528347	0.0000039
all	1295	5	1528347	0.0000033
all	1296	6	1528347	0.0000039
all	1297	3	1528347	0.0000020
all	1298	3	1528347	0.0000020
all	1299	4	1528347	0.0000026
all	1300	2	1528347	0.0000013
all	1301	1	1528347	0.0000007
all	1302	4	1528347	0.0000026
all	1303	16	1528347	0.0000105
all	1304	5	1528347	0.0000033
all	1305	8	1528347	0.0000052
all	1306	5	1528347	0.0000033
all	1307	3	1528347	0.0000020
all	1308	9	1528347	0.0000059
all	1309	6	1528347	0.0000039
all	1310	4	1528347	0.0000026
all	1311	1	1528347	0.0000007
all	1312	2	1528347	0.0000013
all	1313	1	1528347	0.0000007
all	1315	2	1528347	0.0000013
all	1316	5	1528347	0.0000033
all	1317	1	1528347	0.0000007
all	1318	2	1528347	0.0000013
all	1319	5	1528347	0.0000033
all	1320	4	1528347	0.0000026
all	1321	8	1528347	0.0000052
all	1322	5	1528347	0.0000033
all	1323	6	1528347	0.0000039
all	1324	1	1528347	0.0000007
all	1325	2	1528347	0.0000013
all	1326	8	1528347	0.0000052
all	1328	2	1528347	0.0000013
all	1329	9	1528347	0.0000059
all	1330	1	1528347	0.0000007
all	1332	5	1528347	0.0000033
all	1333	2	1528347	0.0000013
all	1334	6	1528347	0.0000039
all	1335	4	1528347	0.0000026
all	1336	1	1528347	0.0000007
all	1337	8	1528347	0.0000052
all	1338	2	1528347	0.0000013
all	1339	9	1528347	0.0000059
all	1340	5	1528347	0.0000033
all	1341	7	1528347	0.0000046
all	1342	4	1528347	0.0000026
all	1345	8	1528347	0.0000052
all	1346	4	1528347	0.0000026
all	1347	3	1528347	0.0000020
all	1348	10	1528347	0.0000065
all	1349	8	1528347	0.0000052
all	1352	3	1528347	0.0000020
all	1353	12	1528347	0.0000079
all	1354	2	1528347	0.0000013
all	1355	3	1528347	0.0000020
all	1356	5	1528347	0.0000033
all	1357	1	1528347	0.0000007
all	1358	4	1528347	0.0000026
all	1359	2	1528347	0.0000013
all	1360	2	1528347	0.0000013
all	1361	5	1528347	0.0000033
all	1362	6	1528347	0.0000039
all	1363	4	1528347	0.0000026
all	1365	7	1528347	0.0000046
all	1366	3	1528347	0.0000020
all	1368	1	1528347	0.0000007
all	1369	2	1528347	0.0000013
all	1372	1	1528347	0.0000007
all	1377	1	1528347	0.0000007
all	1381	3	1528347	0.0000020
all	1385	1	1528347	0.0000007
all	1386	2	1528347	0.0000013
all	1391	4	1528347	0.0000026
all	1396	1	1528347	0.0000007
all	1397	1	1528347	0.0000007
all	1402	3	1528347	0.0000020
all	1404	1	1528347	0.0000007
all	1407	1	1528347	0.0000007
all	1408	2	1528347	0.0000013
all	1411	6	1528347	0.0000039
all	1414	1	1528347	0.0000007
all	1415	2	1528347	0.0000013
all	1417	1	1528347	0.0000007
all	1420	2	1528347	0.0000013
all	1421	1	1528347	0.0000007
all	1427	2	1528347	0.0000013
all	1435	2	1528347	0.0000013
all	1436	3	1528347	0.0000020
all	1437	1	1528347	0.0000007
all	1438	2	1528347	0.0000013
all	1439	2	1528347	0.0000013
all	1440	1	1528347	0.0000007
all	1445	2	1528347	0.0000013
all	1449	2	1528347	0.0000013
all	1450	9	1528347	0.0000059
all	1451	1	1528347	0.0000007
all	1452	2	1528347	0.0000013
all	1453	3	1528347	0.0000020
all	1455	2	1528347	0.0000013
all	1456	1	1528347	0.0000007
all	1457	2	1528347	0.0000013
all	1458	3	1528347	0.0000020
all	1460	1	1528347	0.0000007
all	1461	1	1528347	0.0000007
all	1462	3	1528347	0.0000020
all	1463	2	1528347	0.0000013
all	1465	1	1528347	0.0000007
all	1466	2	1528347	0.0000013
all	1467	4	1528347	0.0000026
all	1470	1	1528347	0.0000007
all	1472	4	1528347	0.0000026
all	1473	2	1528347	0.0000013
all	1474	2	1528347	0.0000013
all	1475	5	1528347	0.0000033
all	1476	1	1528347	0.0000007
all	1477	2	1528347	0.0000013
all	1480	1	1528347	0.0000007
all	1483	9	1528347	0.0000059
all	1484	2	1528347	0.0000013
all	1485	3	1528347	0.0000020
all	1486	3	1528347	0.0000020
all	1487	1	1528347	0.0000007
all	1488	1	1528347	0.0000007
all	1489	2	1528347	0.0000013
all	1491	1	1528347	0.0000007
all	1493	4	1528347	0.0000026
all	1498	1	1528347	0.0000007
all	1499	1	1528347	0.0000007
all	1500	2	1528347	0.0000013
all	1501	1	1528347	0.0000007
all	1502	3	1528347	0.0000020
all	1503	3	1528347	0.0000020
all	1506	2	1528347	0.0000013
all	1507	1	1528347	0.0000007
all	1508	1	1528347	0.0000007
all	1509	1	1528347	0.0000007
all	1510	1	1528347	0.0000007
all	1511	2	1528347	0.0000013
all	1512	1	1528347	0.0000007
all	1513	3	1528347	0.0000020
all	1514	1	1528347	0.0000007
all	1516	3	1528347	0.0000020
all	1517	10	1528347	0.0000065
all	1518	4	1528347	0.0000026
all	1519	4	1528347	0.0000026
all	1520	2	1528347	0.0000013
all	1521	3	1528347	0.0000020
all	1522	1	1528347	0.0000007
all	1524	2	1528347	0.0000013
all	1526	2	1528347	0.0000013
all	1527	1	1528347	0.0000007
all	1528	2	1528347	0.0000013
all	1529	2	1528347	0.0000013
all	1530	1	1528347	0.0000007
all	1532	2	1528347	0.0000013
all	1533	1	1528347	0.0000007
all	1535	1	1528347	0.0000007
all	1537	3	1528347	0.0000020
all	1540	1	1528347	0.0000007
all	1541	3	1528347	0.0000020
all	1543	2	1528347	0.0000013
all	1544	2	1528347	0.0000013
all	1545	1	1528347	0.0000007
all	1546	2	1528347	0.0000013
all	1547	2	1528347	0.0000013
all	1548	2	1528347	0.0000013
all	1549	1	1528347	0.0000007
all	1550	1	1528347	0.0000007
all	1553	1	1528347	0.0000007
all	1554	1	1528347	0.0000007
all	1555	2	1528347	0.0000013
all	1556	1	1528347	0.0000007
all	1557	4	1528347	0.0000026
all	1558	2	1528347	0.0000013
all	1559	2	1528347	0.0000013
all	1560	2	1528347	0.0000013
all	1562	1	1528347	0.0000007
all	1564	3	1528347	0.0000020
all	1565	1	1528347	0.0000007
all	1566	4	1528347	0.0000026
all	1567	3	1528347	0.0000020
all	1568	3	1528347	0.0000020
all	1569	1	1528347	0.0000007
all	1571	3	1528347	0.0000020
all	1574	2	1528347	0.0000013
all	1575	3	1528347	0.0000020
all	1576	2	1528347	0.0000013
all	1577	3	1528347	0.0000020
all	1580	8	1528347	0.0000052
all	1583	2	1528347	0.0000013
all	1587	2	1528347	0.0000013
all	1591	1	1528347	0.0000007
all	1595	1	1528347	0.0000007
all	1597	1	1528347	0.0000007
all	1598	1	1528347	0.0000007
all	1599	5	1528347	0.0000033
all	1601	1	1528347	0.0000007
all	1604	1	1528347	0.0000007
all	1605	3	1528347	0.0000020
all	1606	1	1528347	0.0000007
all	1608	2	1528347	0.0000013
all	1612	1	1528347	0.0000007
all	1613	1	1528347	0.0000007
all	1614	2	1528347	0.0000013
all	1615	1	1528347	0.0000007
all	1616	1	1528347	0.0000007
all	1618	1	1528347	0.0000007
all	1620	6	1528347	0.0000039
all	1621	2	1528347	0.0000013
all	1622	1	1528347	0.0000007
all	1623	1	1528347	0.0000007
all	1624	1	1528347	0.0000007
all	1625	3	1528347	0.0000020
all	1628	1	1528347	0.0000007
all	1629	1	1528347	0.0000007
all	1631	2	1528347	0.0000013
all	1633	2	1528347	0.0000013
all	1635	7	1528347	0.0000046
all	1636	4	1528347	0.0000026
all	1637	6	1528347	0.0000039
all	1638	2	1528347	0.0000013
all	1639	2	1528347	0.0000013
all	1640	2	1528347	0.0000013
all	1641	1	1528347	0.0000007
all	1642	3	1528347	0.0000020
all	1643	3	1528347	0.0000020
all	1645	1	1528347	0.0000007
all	1649	1	1528347	0.0000007
all	1652	1	1528347	0.0000007
all	1654	2	1528347	0.0000013
all	1659	1	1528347	0.0000007
all	1662	1	1528347	0.0000007
all	1664	1	1528347	0.0000007
all	1667	1	1528347	0.0000007
all	1671	1	1528347	0.0000007
all	1672	1	1528347	0.0000007
all	1674	1	1528347	0.0000007
all	1683	1	1528347	0.0000007
all	1688	6	1528347	0.0000039
all	1692	1	1528347	0.0000007
all	1696	2	1528347	0.0000013
all	1700	2	1528347	0.0000013
all	1702	1	1528347	0.0000007
all	1705	1	1528347	0.0000007
all	1708	2	1528347	0.0000013
all	1713	1	1528347	0.0000007
all	1714	6	1528347	0.0000039
all	1715	1	1528347	0.0000007
all	1716	1	1528347	0.0000007
all	1722	6	1528347	0.0000039
all	1724	1	1528347	0.0000007
all	1726	1	1528347	0.0000007
all	1727	1	1528347	0.0000007
all	1729	1	1528347	0.0000007
all	1731	2	1528347	0.0000013
all	1733	6	1528347	0.0000039
all	1735	1	1528347	0.0000007
all	1737	1	1528347	0.0000007
all	1742	1	1528347	0.0000007
all	1746	6	1528347	0.0000039
all	1749	1	1528347	0.0000007
all	1753	1	1528347	0.0000007
all	1755	1	1528347	0.0000007
all	1759	2	1528347	0.0000013
all	1767	1	1528347	0.0000007
all	1769	7	1528347	0.0000046
all	1771	1	1528347	0.0000007
all	1779	1	1528347	0.0000007
all	1780	6	1528347	0.0000039
all	1782	1	1528347	0.0000007
all	1793	6	1528347	0.0000039
all	1799	1	1528347	0.0000007
all	1801	1	1528347	0.0000007
all	1803	1	1528347	0.0000007
all	1804	1	1528347	0.0000007
all	1808	1	1528347	0.0000007
all	1809	1	1528347	0.0000007
all	1811	3	1528347	0.0000020
all	1812	1	1528347	0.0000007
all	1813	1	1528347	0.0000007
all	1814	1	1528347	0.0000007
all	1815	1	1528347	0.0000007
all	1816	1	1528347	0.0000007
all	1818	1	1528347	0.0000007
all	1822	1	1528347	0.0000007
all	1823	7	1528347	0.0000046
all	1825	1	1528347	0.0000007
all	1827	1	1528347	0.0000007
all	1831	1	1528347	0.0000007
all	1833	2	1528347	0.0000013
all	1835	1	1528347	0.0000007
all	1836	2	1528347	0.0000013
all	1850	13	1528347	0.0000085
all	1853	1	1528347	0.0000007
all	1854	1	1528347	0.0000007
all	1855	1	1528347	0.0000007
all	1856	1	1528347	0.0000007
all	1858	1	1528347	0.0000007
all	1860	1	1528347	0.0000007
all	1861	2	1528347	0.0000013
all	1862	1	1528347	0.0000007
all	1864	1	1528347	0.0000007
all	1867	2	1528347	0.0000013
all	1868	3	1528347	0.0000020
all	1870	1	1528347	0.0000007
all	1872	1	1528347	0.0000007
all	1874	1	1528347	0.0000007
all	1876	1	1528347	0.0000007
all	1877	13	1528347	0.0000085
all	1878	3	1528347	0.0000020
all	1880	1	1528347	0.0000007
all	1881	1	1528347	0.0000007
all	1882	1	1528347	0.0000007
all	1885	1	1528347	0.0000007
all	1887	1	1528347	0.0000007
all	1888	3	1528347	0.0000020
all	1891	3	1528347	0.0000020
all	1896	1	1528347	0.0000007
all	1898	3	1528347	0.0000020
all	1899	13	1528347	0.0000085
all	1903	3	1528347	0.0000020
all	1904	1	1528347	0.0000007
all	1905	3	1528347	0.0000020
all	1907	2	1528347	0.0000013
all	1908	15	1528347	0.0000098
all	1910	2	1528347	0.0000013
all	1915	1	1528347	0.0000007
all	1916	1	1528347	0.0000007
all	1919	1	1528347	0.0000007
all	1921	1	1528347	0.0000007
all	1928	1	1528347	0.0000007
all	1931	1	1528347	0.0000007
all	1941	1	1528347	0.0000007
all	1948	1	1528347	0.0000007
all	1952	1	1528347	0.0000007
all	1962	1	1528347	0.0000007
all	1963	14	1528347	0.0000092
all	1968	1	1528347	0.0000007
all	1970	1	1528347	0.0000007
all	1975	1	1528347	0.0000007
all	1981	1	1528347	0.0000007
all	1984	15	1528347	0.0000098
all	1985	1	1528347	0.0000007
all	1986	1	1528347	0.0000007
all	1988	2	1528347	0.0000013
all	1994	1	1528347	0.0000007
all	1998	1	1528347	0.0000007
all	1999	1	1528347	0.0000007
all	2007	1	1528347	0.0000007
all	2008	1	1528347	0.0000007
all	2009	1	1528347	0.0000007
all	2010	1	1528347	0.0000007
all	2016	1	1528347	0.0000007
all	2021	14	1528347	0.0000092
all	2025	1	1528347	0.0000007
all	2033	2	1528347	0.0000013
all	2034	1	1528347	0.0000007
all	2037	1	1528347	0.0000007
all	2046	1	1528347	0.0000007
all	2047	14	1528347	0.0000092
all	2050	1	1528347	0.0000007
all	2060	1	1528347	0.0000007
all	2062	1	1528347	0.0000007
all	2063	1	1528347	0.0000007
all	2067	14	1528347	0.0000092
all	2072	1	1528347	0.0000007
all	2076	2	1528347	0.0000013
all	2078	1	1528347	0.0000007
all	2081	1	1528347	0.0000007
all	2085	1	1528347	0.0000007
all	2088	3	1528347	0.0000020
all	2091	2	1528347	0.0000013
all	2097	1	1528347	0.0000007
all	2100	14	1528347	0.0000092
all	2101	2	1528347	0.0000013
all	2104	2	1528347	0.0000013
all	2108	1	1528347	0.0000007
all	2112	6	1528347	0.0000039
all	2118	2	1528347	0.0000013
all	2124	9	1528347	0.0000059
all	2127	1	1528347	0.0000007
all	2128	1	1528347	0.0000007
all	2130	1	1528347	0.0000007
all	2132	6	1528347	0.0000039
all	2134	7	1528347	0.0000046
all	2135	1	1528347	0.0000007
all	2137	6	1528347	0.0000039
all	2139	6	1528347	0.0000039
all	2140	6	1528347	0.0000039
all	2144	1	1528347	0.0000007
all	2146	1	1528347	0.0000007
all	2149	7	1528347	0.0000046
all	2150	15	1528347	0.0000098
all	2153	8	1528347	0.0000052
all	2154	15	1528347	0.0000098
all	2155	8	1528347	0.0000052
all	2158	1	1528347	0.0000007
all	2159	10	1528347	0.0000065
all	2160	1	1528347	0.0000007
all	2161	42	1528347	0.0000275
all	2162	16	1528347	0.0000105
all	2163	8	1528347	0.0000052
all	2165	1	1528347	0.0000007
all	2170	8	1528347	0.0000052
all	2172	1	1528347	0.0000007
all	2173	1	1528347	0.0000007
all	2174	3	1528347	0.0000020
all	2175	1	1528347	0.0000007
all	2177	1	1528347	0.0000007
all	2180	14	1528347	0.0000092
all	2181	16	1528347	0.0000105
all	2182	8	1528347	0.0000052
all	2183	2	1528347	0.0000013
all	2187	16	1528347	0.0000105
all	2188	1	1528347	0.0000007
all	2190	30	1528347	0.0000196
all	2191	16	1528347	0.0000105
all	2192	2	1528347	0.0000013
all	2193	8	1528347	0.0000052
all	2194	1	1528347	0.0000007
all	2199	2	1528347	0.0000013
all	2202	1	1528347	0.0000007
all	2203	1	1528347	0.0000007
all	2206	30	1528347	0.0000196
all	2207	8	1528347	0.0000052
all	2209	8	1528347	0.0000052
all	2211	4	1528347	0.0000026
all	2213	1	1528347	0.0000007
all	2214	8	1528347	0.0000052
all	2215	8	1528347	0.0000052
all	2216	14	1528347	0.0000092
all	2220	14	1528347	0.0000092
all	2221	1	1528347	0.0000007
all	2225	1	1528347	0.0000007
all	2229	1	1528347	0.0000007
all	2230	9	1528347	0.0000059
all	2233	10	1528347	0.0000065
all	2234	1	1528347	0.0000007
all	2235	8	1528347	0.0000052
all	2237	11	1528347	0.0000072
all	2239	2	1528347	0.0000013
all	2240	5	1528347	0.0000033
all	2241	3	1528347	0.0000020
all	2242	9	1528347	0.0000059
all	2243	3	1528347	0.0000020
all	2244	24	1528347	0.0000157
all	2246	3	1528347	0.0000020
all	2247	2	1528347	0.0000013
all	2248	2	1528347	0.0000013
all	2252	2	1528347	0.0000013
all	2253	8	1528347	0.0000052
all	2255	17	1528347	0.0000111
all	2257	2	1528347	0.0000013
all	2258	15	1528347	0.0000098
all	2260	8	1528347	0.0000052
all	2261	2	1528347	0.0000013
all	2262	8	1528347	0.0000052
all	2265	30	1528347	0.0000196
all	2266	22	1528347	0.0000144
all	2268	2	1528347	0.0000013
all	2270	14	1528347	0.0000092
all	2271	1	1528347	0.0000007
all	2273	14	1528347	0.0000092
all	2275	8	1528347	0.0000052
all	2277	22	1528347	0.0000144
all	2278	14	1528347	0.0000092
all	2279	22	1528347	0.0000144
all	2281	2	1528347	0.0000013
all	2282	18	1528347	0.0000118
all	2286	8	1528347	0.0000052
all	2296	2	1528347	0.0000013
all	2299	1	1528347	0.0000007
all	2302	1	1528347	0.0000007
all	2304	1	1528347	0.0000007
all	2306	1	1528347	0.0000007
all	2313	1	1528347	0.0000007
all	2324	1	1528347	0.0000007
all	2330	1	1528347	0.0000007
all	2346	1	1528347	0.0000007
all	2355	1	1528347	0.0000007
all	2356	1	1528347	0.0000007
all	2359	1	1528347	0.0000007
all	2361	3	1528347	0.0000020
all	2368	1	1528347	0.0000007
all	2369	1	1528347	0.0000007
all	2372	1	1528347	0.0000007
all	2375	1	1528347	0.0000007
all	2380	1	1528347	0.0000007
all	2381	1	1528347	0.0000007
all	2382	1	1528347	0.0000007
all	2397	1	1528347	0.0000007
all	2399	2	1528347	0.0000013
all	2400	1	1528347	0.0000007
all	2409	1	1528347	0.0000007
all	2414	1	1528347	0.0000007
all	2423	1	1528347	0.0000007
all	2424	1	1528347	0.0000007
all	2444	1	1528347	0.0000007
all	2445	1	1528347	0.0000007
all	2452	1	1528347	0.0000007
all	2453	1	1528347	0.0000007
all	2460	2	1528347	0.0000013
all	2461	1	1528347	0.0000007
all	2464	1	1528347	0.0000007
all	2466	1	1528347	0.0000007
all	2469	2	1528347	0.0000013
all	2472	1	1528347	0.0000007
all	2476	1	1528347	0.0000007
all	2477	4	1528347	0.0000026
all	2491	1	1528347	0.0000007
all	2492	2	1528347	0.0000013
all	2493	1	1528347	0.0000007
all	2499	2	1528347	0.0000013
all	2500	1	1528347	0.0000007
all	2506	2	1528347	0.0000013
all	2515	2	1528347	0.0000013
all	2516	2	1528347	0.0000013
all	2517	1	1528347	0.0000007
all	2519	1	1528347	0.0000007
all	2520	2	1528347	0.0000013
all	2523	1	1528347	0.0000007
all	2549	2	1528347	0.0000013
all	2550	2	1528347	0.0000013
all	2553	1	1528347	0.0000007
all	2554	1	1528347	0.0000007
all	2563	1	1528347	0.0000007
all	2567	1	1528347	0.0000007
all	2587	2	1528347	0.0000013
all	2592	1	1528347	0.0000007
all	2593	2	1528347	0.0000013
all	2595	1	1528347	0.0000007
all	2602	2	1528347	0.0000013
all	2608	2	1528347	0.0000013
all	2610	2	1528347	0.0000013
all	2622	2	1528347	0.0000013
all	2627	3	1528347	0.0000020
all	2629	2	1528347	0.0000013
all	2630	1	1528347	0.0000007
all	2632	2	1528347	0.0000013
all	2638	1	1528347	0.0000007
all	2648	2	1528347	0.0000013
all	2655	3	1528347	0.0000020
all	2661	1	1528347	0.0000007
all	2662	4	1528347	0.0000026
all	2665	1	1528347	0.0000007
all	2670	1	1528347	0.0000007
all	2673	2	1528347	0.0000013
all	2674	2	1528347	0.0000013
all	2675	2	1528347	0.0000013
all	2678	2	1528347	0.0000013
all	2684	2	1528347	0.0000013
all	2692	1	1528347	0.0000007
all	2693	4	1528347	0.0000026
all	2696	3	1528347	0.0000020
all	2698	1	1528347	0.0000007
all	2702	2	1528347	0.0000013
all	2710	2	1528347	0.0000013
all	2714	2	1528347	0.0000013
all	2717	1	1528347	0.0000007
all	2718	2	1528347	0.0000013
all	2719	2	1528347	0.0000013
all	2725	2	1528347	0.0000013
all	2726	1	1528347	0.0000007
all	2727	3	1528347	0.0000020
all	2728	2	1528347	0.0000013
all	2733	1	1528347	0.0000007
all	2737	1	1528347	0.0000007
all	2738	4	1528347	0.0000026
all	2741	2	1528347	0.0000013
all	2742	2	1528347	0.0000013
all	2745	1	1528347	0.0000007
all	2748	1	1528347	0.0000007
all	2751	2	1528347	0.0000013
all	2752	2	1528347	0.0000013
all	2753	2	1528347	0.0000013
all	2755	1	1528347	0.0000007
all	2757	1	1528347	0.0000007
all	2759	1	1528347	0.0000007
all	2760	2	1528347	0.0000013
all	2766	1	1528347	0.0000007
all	2772	2	1528347	0.0000013
all	2774	1	1528347	0.0000007
all	2775	3	1528347	0.0000020
all	2778	3	1528347	0.0000020
all	2779	3	1528347	0.0000020
all	2781	2	1528347	0.0000013
all	2782	3	1528347	0.0000020
all	2783	1	1528347	0.0000007
all	2784	1	1528347	0.0000007
all	2785	3	1528347	0.0000020
all	2787	1	1528347	0.0000007
all	2788	1	1528347	0.0000007
all	2789	3	1528347	0.0000020
all	2791	1	1528347	0.0000007
all	2792	1	1528347	0.0000007
all	2796	1	1528347	0.0000007
all	2797	2	1528347	0.0000013
all	2802	1	1528347	0.0000007
all	2803	2	1528347	0.0000013
all	2814	2	1528347	0.0000013
all	2818	1	1528347	0.0000007
all	2822	1	1528347	0.0000007
all	2826	1	1528347	0.0000007
all	2832	2	1528347	0.0000013
all	2839	1	1528347	0.0000007
all	2843	2	1528347	0.0000013
all	2846	1	1528347	0.0000007
all	2849	2	1528347	0.0000013
all	2850	2	1528347	0.0000013
all	2852	1	1528347	0.0000007
all	2853	1	1528347	0.0000007
all	2859	2	1528347	0.0000013
all	2860	1	1528347	0.0000007
all	2863	2	1528347	0.0000013
all	2865	3	1528347	0.0000020
all	2866	2	1528347	0.0000013
all	2868	2	1528347	0.0000013
all	2869	1	1528347	0.0000007
all	2874	1	1528347	0.0000007
all	2875	1	1528347	0.0000007
all	2876	2	1528347	0.0000013
all	2877	1	1528347	0.0000007
all	2883	1	1528347	0.0000007
all	2891	1	1528347	0.0000007
all	2944	2	1528347	0.0000013
all	2994	1	1528347	0.0000007
all	3069	1	1528347	0.0000007
all	3113	1	1528347	0.0000007
all	3130	2	1528347	0.0000013
all	3155	2	1528347	0.0000013
all	3172	1	1528347	0.0000007
all	3187	1	1528347	0.0000007
all	3215	2	1528347	0.0000013
all	3228	1	1528347	0.0000007
all	3267	2	1528347	0.0000013
all	3274	1	1528347	0.0000007
all	3287	1	1528347	0.0000007
all	3305	1	1528347	0.0000007
all	3321	1	1528347	0.0000007
all	3334	1	1528347	0.0000007
all	3344	1	1528347	0.0000007
all	3351	1	1528347	0.0000007
all	3369	1	1528347	0.0000007
all	3374	1	1528347	0.0000007
all	3379	1	1528347	0.0000007
all	3391	1	1528347	0.0000007
all	3407	2	1528347	0.0000013
all	3410	1	1528347	0.0000007
all	3419	1	1528347	0.0000007
all	3434	1	1528347	0.0000007
all	3452	2	1528347	0.0000013
all	3466	2	1528347	0.0000013
all	3467	1	1528347	0.0000007
all	3468	2	1528347	0.0000013
all	3477	1	1528347	0.0000007
all	3486	2	1528347	0.0000013
all	3492	1	1528347	0.0000007
all	3507	1	1528347	0.0000007
all	3514	2	1528347	0.0000013
all	3521	1	1528347	0.0000007
all	3530	1	1528347	0.0000007
all	3532	1	1528347	0.0000007
all	3541	1	1528347	0.0000007
all	3546	1	1528347	0.0000007
all	3557	1	1528347	0.0000007
all	3564	1	1528347	0.0000007
all	3572	1	1528347	0.0000007
all	3573	1	1528347	0.0000007
all	3589	1	1528347	0.0000007
all	3593	1	1528347	0.0000007
all	3603	1	1528347	0.0000007
all	3605	1	1528347	0.0000007
all	3616	1	1528347	0.0000007
all	3621	1	1528347	0.0000007
all	3634	1	1528347	0.0000007
all	3635	1	1528347	0.0000007
all	3645	1	1528347	0.0000007
all	3652	1	1528347	0.0000007
all	3668	1	1528347	0.0000007
all	3677	1	1528347	0.0000007
all	3678	1	1528347	0.0000007
all	3683	1	1528347	0.0000007
all	3703	1	1528347	0.0000007
all	3706	1	1528347	0.0000007
all	3715	1	1528347	0.0000007
all	3726	1	1528347	0.0000007
all	3734	1	1528347	0.0000007
all	3738	1	1528347	0.0000007
all	3750	1	1528347	0.0000007
all	3762	1	1528347	0.0000007
all	3776	1	1528347	0.0000007
all	3781	1	1528347	0.0000007
all	3784	2	1528347	0.0000013
all	3796	1	1528347	0.0000007
all	3812	2	1528347	0.0000013
all	3825	2	1528347	0.0000013
all	3848	2	1528347	0.0000013
all	3850	1	1528347	0.0000007
all	3851	2	1528347	0.0000013
all	3855	3	1528347	0.0000020
all	3869	3	1528347	0.0000020
all	3890	3	1528347	0.0000020
all	3909	3	1528347	0.0000020
all	3913	1	1528347	0.0000007
all	3916	3	1528347	0.0000020
all	3921	3	1528347	0.0000020
all	3926	3	1528347	0.0000020
all	3928	9	1528347	0.0000059
all	3930	1	1528347	0.0000007
all	3931	6	1528347	0.0000039
all	3932	1	1528347	0.0000007
all	3933	1	1528347	0.0000007
all	3934	3	1528347	0.0000020
all	3935	1	1528347	0.0000007
all	3936	3	1528347	0.0000020
all	3938	1	1528347	0.0000007
all	3940	6	1528347	0.0000039
all	3942	3	1528347	0.0000020
all	3943	1	1528347	0.0000007
all	3944	2	1528347	0.0000013
all	3946	3	1528347	0.0000020
all	3948	3	1528347	0.0000020
all	3950	3	1528347	0.0000020
all	3954	2	1528347	0.0000013
all	3955	2	1528347	0.0000013
all	3956	3	1528347	0.0000020
all	3958	2	1528347	0.0000013
all	3962	3	1528347	0.0000020
all	3963	2	1528347	0.0000013
