all	0	369515	1219869	0.3029137
all	1	52320	1219869	0.0428899
all	2	75864	1219869	0.0621903
all	3	42968	1219869	0.0352235
all	4	44247	1219869	0.0362719
all	5	37200	1219869	0.0304951
all	6	37594	1219869	0.0308181
all	7	33867	1219869	0.0277628
all	8	34303	1219869	0.0281202
all	9	33395	1219869	0.0273759
all	10	35687	1219869	0.0292548
all	11	29400	1219869	0.0241009
all	12	24504	1219869	0.0200874
all	13	23608	1219869	0.0193529
all	14	23730	1219869	0.0194529
all	15	21265	1219869	0.0174322
all	16	21179	1219869	0.0173617
all	17	21552	1219869	0.0176675
all	18	18072	1219869	0.0148147
all	19	17331	1219869	0.0142073
all	20	15494	1219869	0.0127014
all	21	13300	1219869	0.0109028
all	22	13277	1219869	0.0108840
all	23	11839	1219869	0.0097051
all	24	11215	1219869	0.0091936
all	25	10431	1219869	0.0085509
all	26	10240	1219869	0.0083943
all	27	8908	1219869	0.0073024
all	28	9498	1219869	0.0077861
all	29	7566	1219869	0.0062023
all	30	6745	1219869	0.0055293
all	31	6335	1219869	0.0051932
all	32	6072	1219869	0.0049776
all	33	5505	1219869	0.0045128
all	34	4648	1219869	0.0038102
all	35	4210	1219869	0.0034512
all	36	4498	1219869	0.0036873
all	37	3620	1219869	0.0029675
all	38	2944	1219869	0.0024134
all	39	2880	1219869	0.0023609
all	40	3117	1219869	0.0025552
all	41	2674	1219869	0.0021920
all	42	2719	1219869	0.0022289
all	43	2517	1219869	0.0020633
all	44	2410	1219869	0.0019756
all	45	2062	1219869	0.0016903
all	46	1891	1219869	0.0015502
all	47	2029	1219869	0.0016633
all	48	1580	1219869	0.0012952
all	49	1774	1219869	0.0014543
all	50	2031	1219869	0.0016649
all	51	1850	1219869	0.0015166
all	52	1586	1219869	0.0013001
all	53	1656	1219869	0.0013575
all	54	1077	1219869	0.0008829
all	55	1274	1219869	0.0010444
all	56	1705	1219869	0.0013977
all	57	1053	1219869	0.0008632
all	58	1204	1219869	0.0009870
all	59	1109	1219869	0.0009091
all	60	860	1219869	0.0007050
all	61	697	1219869	0.0005714
all	62	965	1219869	0.0007911
all	63	992	1219869	0.0008132
all	64	561	1219869	0.0004599
all	65	552	1219869	0.0004525
all	66	550	1219869	0.0004509
all	67	735	1219869	0.0006025
all	68	484	1219869	0.0003968
all	69	480	1219869	0.0003935
all	70	706	1219869	0.0005788
all	71	527	1219869	0.0004320
all	72	366	1219869	0.0003000
all	73	406	1219869	0.0003328
all	74	381	1219869	0.0003123
all	75	337	1219869	0.0002763
all	76	342	1219869	0.0002804
all	77	346	1219869	0.0002836
all	78	231	1219869	0.0001894
all	79	254	1219869	0.0002082
all	80	425	1219869	0.0003484
all	81	308	1219869	0.0002525
all	82	374	1219869	0.0003066
all	83	308	1219869	0.0002525
all	84	285	1219869	0.0002336
all	85	445	1219869	0.0003648
all	86	222	1219869	0.0001820
all	87	118	1219869	0.0000967
all	88	451	1219869	0.0003697
all	89	247	1219869	0.0002025
all	90	227	1219869	0.0001861
all	91	163	1219869	0.0001336
all	92	188	1219869	0.0001541
all	93	233	1219869	0.0001910
all	94	301	1219869	0.0002467
all	95	274	1219869	0.0002246
all	96	298	1219869	0.0002443
all	97	205	1219869	0.0001681
all	98	178	1219869	0.0001459
all	99	115	1219869	0.0000943
all	100	204	1219869	0.0001672
all	101	111	1219869	0.0000910
all	102	213	1219869	0.0001746
all	103	181	1219869	0.0001484
all	104	88	1219869	0.0000721
all	105	130	1219869	0.0001066
all	106	77	1219869	0.0000631
all	107	114	1219869	0.0000935
all	108	76	1219869	0.0000623
all	109	184	1219869	0.0001508
all	110	206	1219869	0.0001689
all	111	245	1219869	0.0002008
all	112	172	1219869	0.0001410
all	113	83	1219869	0.0000680
all	114	193	1219869	0.0001582
all	115	196	1219869	0.0001607
all	116	103	1219869	0.0000844
all	117	123	1219869	0.0001008
all	118	108	1219869	0.0000885
all	119	161	1219869	0.0001320
all	120	156	1219869	0.0001279
all	121	100	1219869	0.0000820
all	122	118	1219869	0.0000967
all	123	101	1219869	0.0000828
all	124	177	1219869	0.0001451
all	125	153	1219869	0.0001254
all	126	175	1219869	0.0001435
all	127	62	1219869	0.0000508
all	128	92	1219869	0.0000754
all	129	137	1219869	0.0001123
all	130	40	1219869	0.0000328
all	131	73	1219869	0.0000598
all	132	123	1219869	0.0001008
all	133	30	1219869	0.0000246
all	134	122	1219869	0.0001000
all	135	141	1219869	0.0001156
all	136	42	1219869	0.0000344
all	137	30	1219869	0.0000246
all	138	18	1219869	0.0000148
all	139	63	1219869	0.0000516
all	140	124	1219869	0.0001017
all	141	76	1219869	0.0000623
all	142	70	1219869	0.0000574
all	143	60	1219869	0.0000492
all	144	73	1219869	0.0000598
all	145	47	1219869	0.0000385
all	146	47	1219869	0.0000385
all	147	58	1219869	0.0000475
all	148	34	1219869	0.0000279
all	149	98	1219869	0.0000803
all	150	26	1219869	0.0000213
all	151	10	1219869	0.0000082
all	152	35	1219869	0.0000287
all	153	69	1219869	0.0000566
all	154	55	1219869	0.0000451
all	155	100	1219869	0.0000820
all	156	43	1219869	0.0000352
all	157	58	1219869	0.0000475
all	158	52	1219869	0.0000426
all	159	20	1219869	0.0000164
all	160	14	1219869	0.0000115
all	161	81	1219869	0.0000664
all	162	52	1219869	0.0000426
all	163	39	1219869	0.0000320
all	164	21	1219869	0.0000172
all	165	18	1219869	0.0000148
all	166	53	1219869	0.0000434
all	167	55	1219869	0.0000451
all	168	33	1219869	0.0000271
all	169	72	1219869	0.0000590
all	170	47	1219869	0.0000385
all	171	84	1219869	0.0000689
all	172	17	1219869	0.0000139
all	173	30	1219869	0.0000246
all	174	20	1219869	0.0000164
all	175	25	1219869	0.0000205
all	176	21	1219869	0.0000172
all	177	38	1219869	0.0000312
all	178	31	1219869	0.0000254
all	179	19	1219869	0.0000156
all	180	44	1219869	0.0000361
all	181	56	1219869	0.0000459
all	182	15	1219869	0.0000123
all	183	9	1219869	0.0000074
all	184	23	1219869	0.0000189
all	185	16	1219869	0.0000131
all	186	30	1219869	0.0000246
all	187	21	1219869	0.0000172
all	188	35	1219869	0.0000287
all	189	22	1219869	0.0000180
all	190	65	1219869	0.0000533
all	191	47	1219869	0.0000385
all	192	34	1219869	0.0000279
all	193	40	1219869	0.0000328
all	194	49	1219869	0.0000402
all	195	20	1219869	0.0000164
all	196	58	1219869	0.0000475
all	197	49	1219869	0.0000402
all	198	50	1219869	0.0000410
all	199	45	1219869	0.0000369
all	200	41	1219869	0.0000336
all	201	4	1219869	0.0000033
all	202	9	1219869	0.0000074
all	203	9	1219869	0.0000074
all	204	32	1219869	0.0000262
all	205	12	1219869	0.0000098
all	206	4	1219869	0.0000033
all	207	13	1219869	0.0000107
all	208	11	1219869	0.0000090
all	209	41	1219869	0.0000336
all	210	50	1219869	0.0000410
all	211	14	1219869	0.0000115
all	212	5	1219869	0.0000041
all	213	15	1219869	0.0000123
all	214	5	1219869	0.0000041
all	215	2	1219869	0.0000016
all	216	15	1219869	0.0000123
all	217	7	1219869	0.0000057
all	218	32	1219869	0.0000262
all	219	36	1219869	0.0000295
all	220	8	1219869	0.0000066
all	221	18	1219869	0.0000148
all	222	4	1219869	0.0000033
all	223	9	1219869	0.0000074
all	224	12	1219869	0.0000098
all	225	2	1219869	0.0000016
all	226	5	1219869	0.0000041
all	227	4	1219869	0.0000033
all	228	10	1219869	0.0000082
all	229	5	1219869	0.0000041
all	230	10	1219869	0.0000082
all	231	11	1219869	0.0000090
all	232	29	1219869	0.0000238
all	233	10	1219869	0.0000082
all	234	14	1219869	0.0000115
all	235	23	1219869	0.0000189
all	236	3	1219869	0.0000025
all	237	5	1219869	0.0000041
all	238	7	1219869	0.0000057
all	239	5	1219869	0.0000041
all	240	15	1219869	0.0000123
all	241	15	1219869	0.0000123
all	242	10	1219869	0.0000082
all	243	12	1219869	0.0000098
all	244	17	1219869	0.0000139
all	245	13	1219869	0.0000107
all	246	27	1219869	0.0000221
all	247	1	1219869	0.0000008
all	248	10	1219869	0.0000082
all	249	3	1219869	0.0000025
all	250	21	1219869	0.0000172
all	251	18	1219869	0.0000148
all	252	12	1219869	0.0000098
all	253	3	1219869	0.0000025
all	254	18	1219869	0.0000148
all	255	14	1219869	0.0000115
all	256	24	1219869	0.0000197
all	257	28	1219869	0.0000230
all	258	18	1219869	0.0000148
all	259	33	1219869	0.0000271
all	260	10	1219869	0.0000082
all	261	25	1219869	0.0000205
all	262	20	1219869	0.0000164
all	263	10	1219869	0.0000082
all	264	3	1219869	0.0000025
all	265	16	1219869	0.0000131
all	266	24	1219869	0.0000197
all	267	8	1219869	0.0000066
all	268	17	1219869	0.0000139
all	269	9	1219869	0.0000074
all	270	29	1219869	0.0000238
all	271	9	1219869	0.0000074
all	272	4	1219869	0.0000033
all	273	1	1219869	0.0000008
all	274	7	1219869	0.0000057
all	275	3	1219869	0.0000025
all	276	22	1219869	0.0000180
all	277	7	1219869	0.0000057
all	278	7	1219869	0.0000057
all	279	2	1219869	0.0000016
all	280	1	1219869	0.0000008
all	281	6	1219869	0.0000049
all	282	48	1219869	0.0000393
all	283	5	1219869	0.0000041
all	284	41	1219869	0.0000336
all	285	16	1219869	0.0000131
all	286	2	1219869	0.0000016
all	287	4	1219869	0.0000033
all	288	4	1219869	0.0000033
all	289	5	1219869	0.0000041
all	290	2	1219869	0.0000016
all	291	9	1219869	0.0000074
all	292	5	1219869	0.0000041
all	294	6	1219869	0.0000049
all	295	2	1219869	0.0000016
all	296	4	1219869	0.0000033
all	297	3	1219869	0.0000025
all	298	6	1219869	0.0000049
all	299	11	1219869	0.0000090
all	300	7	1219869	0.0000057
all	303	7	1219869	0.0000057
all	304	7	1219869	0.0000057
all	305	7	1219869	0.0000057
all	306	3	1219869	0.0000025
all	307	9	1219869	0.0000074
all	308	3	1219869	0.0000025
all	309	8	1219869	0.0000066
all	310	5	1219869	0.0000041
all	311	2	1219869	0.0000016
all	313	1	1219869	0.0000008
all	315	2	1219869	0.0000016
all	317	2	1219869	0.0000016
all	318	1	1219869	0.0000008
all	319	11	1219869	0.0000090
all	320	5	1219869	0.0000041
all	321	4	1219869	0.0000033
all	322	3	1219869	0.0000025
all	323	12	1219869	0.0000098
all	324	2	1219869	0.0000016
all	326	1	1219869	0.0000008
all	327	1	1219869	0.0000008
all	328	1	1219869	0.0000008
all	329	1	1219869	0.0000008
all	331	6	1219869	0.0000049
all	332	2	1219869	0.0000016
all	333	4	1219869	0.0000033
all	334	1	1219869	0.0000008
all	335	1	1219869	0.0000008
all	336	1	1219869	0.0000008
all	337	5	1219869	0.0000041
all	338	2	1219869	0.0000016
all	340	9	1219869	0.0000074
all	341	7	1219869	0.0000057
all	342	2	1219869	0.0000016
all	343	11	1219869	0.0000090
all	344	2	1219869	0.0000016
all	345	3	1219869	0.0000025
all	346	1	1219869	0.0000008
all	347	8	1219869	0.0000066
all	351	1	1219869	0.0000008
all	352	2	1219869	0.0000016
all	354	5	1219869	0.0000041
all	355	1	1219869	0.0000008
all	359	2	1219869	0.0000016
all	360	2	1219869	0.0000016
all	361	1	1219869	0.0000008
all	362	7	1219869	0.0000057
all	363	3	1219869	0.0000025
all	364	3	1219869	0.0000025
all	365	4	1219869	0.0000033
all	366	2	1219869	0.0000016
all	367	1	1219869	0.0000008
all	368	3	1219869	0.0000025
all	369	6	1219869	0.0000049
all	370	20	1219869	0.0000164
all	371	14	1219869	0.0000115
all	372	6	1219869	0.0000049
all	373	8	1219869	0.0000066
all	375	10	1219869	0.0000082
all	376	3	1219869	0.0000025
all	377	2	1219869	0.0000016
all	378	6	1219869	0.0000049
all	379	12	1219869	0.0000098
all	380	1	1219869	0.0000008
all	381	3	1219869	0.0000025
all	382	1	1219869	0.0000008
all	383	6	1219869	0.0000049
all	384	7	1219869	0.0000057
all	386	4	1219869	0.0000033
all	387	7	1219869	0.0000057
all	388	5	1219869	0.0000041
all	389	3	1219869	0.0000025
all	390	3	1219869	0.0000025
all	391	11	1219869	0.0000090
all	392	7	1219869	0.0000057
all	393	3	1219869	0.0000025
all	394	5	1219869	0.0000041
all	395	3	1219869	0.0000025
all	396	1	1219869	0.0000008
all	398	1	1219869	0.0000008
all	400	1	1219869	0.0000008
all	403	2	1219869	0.0000016
all	405	1	1219869	0.0000008
all	406	1	1219869	0.0000008
all	407	10	1219869	0.0000082
all	408	3	1219869	0.0000025
all	409	2	1219869	0.0000016
all	410	1	1219869	0.0000008
all	411	4	1219869	0.0000033
all	412	5	1219869	0.0000041
all	414	1	1219869	0.0000008
all	415	1	1219869	0.0000008
all	416	1	1219869	0.0000008
all	418	1	1219869	0.0000008
all	420	2	1219869	0.0000016
all	421	8	1219869	0.0000066
all	422	2	1219869	0.0000016
all	423	3	1219869	0.0000025
all	424	1	1219869	0.0000008
all	425	5	1219869	0.0000041
all	426	4	1219869	0.0000033
all	430	1	1219869	0.0000008
all	435	1	1219869	0.0000008
all	443	3	1219869	0.0000025
all	444	7	1219869	0.0000057
all	446	3	1219869	0.0000025
all	447	3	1219869	0.0000025
all	448	2	1219869	0.0000016
all	449	1	1219869	0.0000008
all	451	21	1219869	0.0000172
all	452	10	1219869	0.0000082
all	453	3	1219869	0.0000025
all	454	3	1219869	0.0000025
all	456	2	1219869	0.0000016
all	458	1	1219869	0.0000008
all	475	1	1219869	0.0000008
all	476	2	1219869	0.0000016
all	478	7	1219869	0.0000057
all	479	32	1219869	0.0000262
all	481	1	1219869	0.0000008
all	484	7	1219869	0.0000057
all	497	18	1219869	0.0000148
all	504	2	1219869	0.0000016
all	514	1	1219869	0.0000008
all	518	3	1219869	0.0000025
all	519	3	1219869	0.0000025
all	521	1	1219869	0.0000008
all	524	1	1219869	0.0000008
all	527	1	1219869	0.0000008
all	528	5	1219869	0.0000041
all	537	2	1219869	0.0000016
all	539	1	1219869	0.0000008
all	542	1	1219869	0.0000008
all	547	1	1219869	0.0000008
all	548	1	1219869	0.0000008
all	551	3	1219869	0.0000025
all	557	3	1219869	0.0000025
all	559	1	1219869	0.0000008
all	562	1	1219869	0.0000008
all	564	4	1219869	0.0000033
all	569	1	1219869	0.0000008
all	572	2	1219869	0.0000016
all	577	15	1219869	0.0000123
all	580	1	1219869	0.0000008
all	581	1	1219869	0.0000008
all	584	1	1219869	0.0000008
all	585	3	1219869	0.0000025
all	589	2	1219869	0.0000016
all	590	9	1219869	0.0000074
all	591	5	1219869	0.0000041
all	600	1	1219869	0.0000008
all	601	2	1219869	0.0000016
all	605	1	1219869	0.0000008
all	606	1	1219869	0.0000008
all	607	3	1219869	0.0000025
all	608	3	1219869	0.0000025
all	610	2	1219869	0.0000016
all	611	2	1219869	0.0000016
all	612	6	1219869	0.0000049
all	613	2	1219869	0.0000016
all	616	2	1219869	0.0000016
all	655	3	1219869	0.0000025
all	656	2	1219869	0.0000016
all	663	1	1219869	0.0000008
all	666	1	1219869	0.0000008
all	667	2	1219869	0.0000016
all	668	2	1219869	0.0000016
all	674	1	1219869	0.0000008
all	675	1	1219869	0.0000008
all	676	1	1219869	0.0000008
all	679	2	1219869	0.0000016
all	681	1	1219869	0.0000008
all	691	1	1219869	0.0000008
all	692	2	1219869	0.0000016
all	693	2	1219869	0.0000016
all	695	6	1219869	0.0000049
all	697	3	1219869	0.0000025
all	698	3	1219869	0.0000025
all	699	1	1219869	0.0000008
all	715	1	1219869	0.0000008
all	716	4	1219869	0.0000033
all	717	2	1219869	0.0000016
all	718	1	1219869	0.0000008
all	719	3	1219869	0.0000025
all	720	2	1219869	0.0000016
all	721	1	1219869	0.0000008
all	722	1	1219869	0.0000008
all	724	1	1219869	0.0000008
all	734	5	1219869	0.0000041
all	740	2	1219869	0.0000016
all	741	1	1219869	0.0000008
all	748	1	1219869	0.0000008
all	749	1	1219869	0.0000008
all	750	6	1219869	0.0000049
all	751	1	1219869	0.0000008
all	752	1	1219869	0.0000008
all	753	5	1219869	0.0000041
all	754	2	1219869	0.0000016
all	755	2	1219869	0.0000016
all	765	1	1219869	0.0000008
all	767	1	1219869	0.0000008
all	768	1	1219869	0.0000008
all	772	2	1219869	0.0000016
all	779	1	1219869	0.0000008
all	781	1	1219869	0.0000008
