all	0	538481	1219890	0.4414177
all	1	42029	1219890	0.0344531
all	2	120543	1219890	0.0988146
all	3	48569	1219890	0.0398142
all	4	68264	1219890	0.0559591
all	5	42690	1219890	0.0349950
all	6	43928	1219890	0.0360098
all	7	32334	1219890	0.0265057
all	8	33778	1219890	0.0276894
all	9	25982	1219890	0.0212986
all	10	23703	1219890	0.0194304
all	11	19897	1219890	0.0163105
all	12	18682	1219890	0.0153145
all	13	14748	1219890	0.0120896
all	14	14473	1219890	0.0118642
all	15	12093	1219890	0.0099132
all	16	10135	1219890	0.0083081
all	17	8927	1219890	0.0073179
all	18	8061	1219890	0.0066080
all	19	7347	1219890	0.0060227
all	20	7170	1219890	0.0058776
all	21	6069	1219890	0.0049750
all	22	5403	1219890	0.0044291
all	23	4985	1219890	0.0040864
all	24	4261	1219890	0.0034929
all	25	3822	1219890	0.0031331
all	26	4113	1219890	0.0033716
all	27	4118	1219890	0.0033757
all	28	2736	1219890	0.0022428
all	29	2545	1219890	0.0020863
all	30	2507	1219890	0.0020551
all	31	2419	1219890	0.0019830
all	32	1618	1219890	0.0013263
all	33	1385	1219890	0.0011353
all	34	1594	1219890	0.0013067
all	35	1416	1219890	0.0011608
all	36	1700	1219890	0.0013936
all	37	1600	1219890	0.0013116
all	38	1539	1219890	0.0012616
all	39	1343	1219890	0.0011009
all	40	1207	1219890	0.0009894
all	41	966	1219890	0.0007919
all	42	787	1219890	0.0006451
all	43	706	1219890	0.0005787
all	44	611	1219890	0.0005009
all	45	549	1219890	0.0004500
all	46	879	1219890	0.0007206
all	47	799	1219890	0.0006550
all	48	636	1219890	0.0005214
all	49	714	1219890	0.0005853
all	50	494	1219890	0.0004050
all	51	666	1219890	0.0005460
all	52	419	1219890	0.0003435
all	53	587	1219890	0.0004812
all	54	330	1219890	0.0002705
all	55	466	1219890	0.0003820
all	56	540	1219890	0.0004427
all	57	614	1219890	0.0005033
all	58	320	1219890	0.0002623
all	59	339	1219890	0.0002779
all	60	365	1219890	0.0002992
all	61	186	1219890	0.0001525
all	62	215	1219890	0.0001762
all	63	175	1219890	0.0001435
all	64	253	1219890	0.0002074
all	65	305	1219890	0.0002500
all	66	337	1219890	0.0002763
all	67	251	1219890	0.0002058
all	68	142	1219890	0.0001164
all	69	282	1219890	0.0002312
all	70	234	1219890	0.0001918
all	71	149	1219890	0.0001221
all	72	164	1219890	0.0001344
all	73	199	1219890	0.0001631
all	74	118	1219890	0.0000967
all	75	178	1219890	0.0001459
all	76	133	1219890	0.0001090
all	77	178	1219890	0.0001459
all	78	118	1219890	0.0000967
all	79	175	1219890	0.0001435
all	80	336	1219890	0.0002754
all	81	126	1219890	0.0001033
all	82	153	1219890	0.0001254
all	83	71	1219890	0.0000582
all	84	143	1219890	0.0001172
all	85	184	1219890	0.0001508
all	86	198	1219890	0.0001623
all	87	172	1219890	0.0001410
all	88	106	1219890	0.0000869
all	89	142	1219890	0.0001164
all	90	170	1219890	0.0001394
all	91	97	1219890	0.0000795
all	92	97	1219890	0.0000795
all	93	185	1219890	0.0001517
all	94	90	1219890	0.0000738
all	95	187	1219890	0.0001533
all	96	181	1219890	0.0001484
all	97	122	1219890	0.0001000
all	98	231	1219890	0.0001894
all	99	120	1219890	0.0000984
all	100	74	1219890	0.0000607
all	101	56	1219890	0.0000459
all	102	117	1219890	0.0000959
all	103	59	1219890	0.0000484
all	104	70	1219890	0.0000574
all	105	184	1219890	0.0001508
all	106	41	1219890	0.0000336
all	107	58	1219890	0.0000475
all	108	66	1219890	0.0000541
all	109	59	1219890	0.0000484
all	110	70	1219890	0.0000574
all	111	36	1219890	0.0000295
all	112	29	1219890	0.0000238
all	113	69	1219890	0.0000566
all	114	41	1219890	0.0000336
all	115	56	1219890	0.0000459
all	116	45	1219890	0.0000369
all	117	23	1219890	0.0000189
all	118	34	1219890	0.0000279
all	119	64	1219890	0.0000525
all	120	58	1219890	0.0000475
all	121	24	1219890	0.0000197
all	122	17	1219890	0.0000139
all	123	28	1219890	0.0000230
all	124	36	1219890	0.0000295
all	125	22	1219890	0.0000180
all	126	37	1219890	0.0000303
all	127	21	1219890	0.0000172
all	128	38	1219890	0.0000312
all	129	39	1219890	0.0000320
all	130	47	1219890	0.0000385
all	131	47	1219890	0.0000385
all	132	30	1219890	0.0000246
all	133	15	1219890	0.0000123
all	134	6	1219890	0.0000049
all	135	8	1219890	0.0000066
all	136	17	1219890	0.0000139
all	137	27	1219890	0.0000221
all	138	51	1219890	0.0000418
all	139	74	1219890	0.0000607
all	140	20	1219890	0.0000164
all	141	22	1219890	0.0000180
all	142	27	1219890	0.0000221
all	143	18	1219890	0.0000148
all	144	44	1219890	0.0000361
all	145	17	1219890	0.0000139
all	146	17	1219890	0.0000139
all	147	36	1219890	0.0000295
all	148	29	1219890	0.0000238
all	149	6	1219890	0.0000049
all	150	13	1219890	0.0000107
all	151	13	1219890	0.0000107
all	152	13	1219890	0.0000107
all	153	11	1219890	0.0000090
all	154	13	1219890	0.0000107
all	155	8	1219890	0.0000066
all	156	17	1219890	0.0000139
all	157	18	1219890	0.0000148
all	158	13	1219890	0.0000107
all	159	13	1219890	0.0000107
all	160	5	1219890	0.0000041
all	161	14	1219890	0.0000115
all	162	26	1219890	0.0000213
all	163	30	1219890	0.0000246
all	164	60	1219890	0.0000492
all	165	20	1219890	0.0000164
all	166	28	1219890	0.0000230
all	167	15	1219890	0.0000123
all	168	2	1219890	0.0000016
all	169	19	1219890	0.0000156
all	170	4	1219890	0.0000033
all	171	15	1219890	0.0000123
all	172	16	1219890	0.0000131
all	174	11	1219890	0.0000090
all	175	4	1219890	0.0000033
all	176	13	1219890	0.0000107
all	177	5	1219890	0.0000041
all	178	9	1219890	0.0000074
all	179	12	1219890	0.0000098
all	180	1	1219890	0.0000008
all	181	2	1219890	0.0000016
all	182	7	1219890	0.0000057
all	184	2	1219890	0.0000016
all	185	2	1219890	0.0000016
all	186	1	1219890	0.0000008
all	187	1	1219890	0.0000008
all	188	6	1219890	0.0000049
all	189	5	1219890	0.0000041
all	191	1	1219890	0.0000008
all	192	11	1219890	0.0000090
all	193	5	1219890	0.0000041
all	198	4	1219890	0.0000033
all	199	2	1219890	0.0000016
all	200	2	1219890	0.0000016
all	201	4	1219890	0.0000033
all	202	35	1219890	0.0000287
all	204	1	1219890	0.0000008
all	205	3	1219890	0.0000025
all	206	20	1219890	0.0000164
all	207	18	1219890	0.0000148
all	208	5	1219890	0.0000041
all	210	1	1219890	0.0000008
all	211	5	1219890	0.0000041
all	215	3	1219890	0.0000025
all	216	22	1219890	0.0000180
all	217	2	1219890	0.0000016
all	219	8	1219890	0.0000066
all	221	1	1219890	0.0000008
all	223	1	1219890	0.0000008
all	224	8	1219890	0.0000066
all	225	8	1219890	0.0000066
all	226	3	1219890	0.0000025
all	227	8	1219890	0.0000066
all	229	1	1219890	0.0000008
all	230	1	1219890	0.0000008
all	231	9	1219890	0.0000074
all	234	1	1219890	0.0000008
all	236	4	1219890	0.0000033
all	237	1	1219890	0.0000008
all	245	4	1219890	0.0000033
all	249	1	1219890	0.0000008
all	251	1	1219890	0.0000008
all	252	2	1219890	0.0000016
all	254	10	1219890	0.0000082
all	258	3	1219890	0.0000025
all	260	9	1219890	0.0000074
all	261	11	1219890	0.0000090
all	262	18	1219890	0.0000148
all	263	15	1219890	0.0000123
all	264	10	1219890	0.0000082
all	265	23	1219890	0.0000189
all	266	20	1219890	0.0000164
all	267	23	1219890	0.0000189
all	269	3	1219890	0.0000025
all	270	1	1219890	0.0000008
all	297	1	1219890	0.0000008
all	301	6	1219890	0.0000049
all	309	4	1219890	0.0000033
all	310	2	1219890	0.0000016
all	311	4	1219890	0.0000033
all	312	1	1219890	0.0000008
all	314	20	1219890	0.0000164
