all	0	990379	1219869	0.8118733
all	1	28501	1219869	0.0233640
all	2	33268	1219869	0.0272718
all	3	15024	1219869	0.0123161
all	4	16355	1219869	0.0134072
all	5	11570	1219869	0.0094846
all	6	11202	1219869	0.0091830
all	7	9714	1219869	0.0079631
all	8	9267	1219869	0.0075967
all	9	7504	1219869	0.0061515
all	10	7813	1219869	0.0064048
all	11	7227	1219869	0.0059244
all	12	6215	1219869	0.0050948
all	13	5047	1219869	0.0041373
all	14	5502	1219869	0.0045103
all	15	3638	1219869	0.0029823
all	16	5037	1219869	0.0041291
all	17	3245	1219869	0.0026601
all	18	3449	1219869	0.0028274
all	19	3451	1219869	0.0028290
all	20	2495	1219869	0.0020453
all	21	2238	1219869	0.0018346
all	22	2006	1219869	0.0016444
all	23	2146	1219869	0.0017592
all	24	1575	1219869	0.0012911
all	25	1686	1219869	0.0013821
all	26	1603	1219869	0.0013141
all	27	1427	1219869	0.0011698
all	28	1453	1219869	0.0011911
all	29	1018	1219869	0.0008345
all	30	806	1219869	0.0006607
all	31	1171	1219869	0.0009599
all	32	1155	1219869	0.0009468
all	33	758	1219869	0.0006214
all	34	829	1219869	0.0006796
all	35	636	1219869	0.0005214
all	36	540	1219869	0.0004427
all	37	516	1219869	0.0004230
all	38	453	1219869	0.0003714
all	39	422	1219869	0.0003459
all	40	480	1219869	0.0003935
all	41	355	1219869	0.0002910
all	42	391	1219869	0.0003205
all	43	310	1219869	0.0002541
all	44	403	1219869	0.0003304
all	45	306	1219869	0.0002508
all	46	277	1219869	0.0002271
all	47	318	1219869	0.0002607
all	48	300	1219869	0.0002459
all	49	314	1219869	0.0002574
all	50	238	1219869	0.0001951
all	51	337	1219869	0.0002763
all	52	305	1219869	0.0002500
all	53	170	1219869	0.0001394
all	54	128	1219869	0.0001049
all	55	141	1219869	0.0001156
all	56	189	1219869	0.0001549
all	57	239	1219869	0.0001959
all	58	249	1219869	0.0002041
all	59	196	1219869	0.0001607
all	60	98	1219869	0.0000803
all	61	195	1219869	0.0001599
all	62	251	1219869	0.0002058
all	63	57	1219869	0.0000467
all	64	107	1219869	0.0000877
all	65	170	1219869	0.0001394
all	66	66	1219869	0.0000541
all	67	79	1219869	0.0000648
all	68	96	1219869	0.0000787
all	69	139	1219869	0.0001139
all	70	84	1219869	0.0000689
all	71	103	1219869	0.0000844
all	72	151	1219869	0.0001238
all	73	151	1219869	0.0001238
all	74	83	1219869	0.0000680
all	75	142	1219869	0.0001164
all	76	34	1219869	0.0000279
all	77	41	1219869	0.0000336
all	78	70	1219869	0.0000574
all	79	128	1219869	0.0001049
all	80	18	1219869	0.0000148
all	81	36	1219869	0.0000295
all	82	161	1219869	0.0001320
all	83	46	1219869	0.0000377
all	84	38	1219869	0.0000312
all	85	19	1219869	0.0000156
all	86	65	1219869	0.0000533
all	87	94	1219869	0.0000771
all	88	97	1219869	0.0000795
all	89	127	1219869	0.0001041
all	90	145	1219869	0.0001189
all	91	26	1219869	0.0000213
all	92	177	1219869	0.0001451
all	93	59	1219869	0.0000484
all	94	58	1219869	0.0000475
all	95	14	1219869	0.0000115
all	96	66	1219869	0.0000541
all	97	6	1219869	0.0000049
all	98	43	1219869	0.0000352
all	99	54	1219869	0.0000443
all	100	72	1219869	0.0000590
all	101	214	1219869	0.0001754
all	102	78	1219869	0.0000639
all	103	65	1219869	0.0000533
all	104	54	1219869	0.0000443
all	105	2	1219869	0.0000016
all	106	17	1219869	0.0000139
all	107	13	1219869	0.0000107
all	108	50	1219869	0.0000410
all	109	24	1219869	0.0000197
all	110	8	1219869	0.0000066
all	111	21	1219869	0.0000172
all	112	63	1219869	0.0000516
all	113	67	1219869	0.0000549
all	114	5	1219869	0.0000041
all	115	13	1219869	0.0000107
all	116	43	1219869	0.0000352
all	117	46	1219869	0.0000377
all	118	67	1219869	0.0000549
all	119	48	1219869	0.0000393
all	120	60	1219869	0.0000492
all	121	32	1219869	0.0000262
all	122	20	1219869	0.0000164
all	123	20	1219869	0.0000164
all	124	9	1219869	0.0000074
all	125	52	1219869	0.0000426
all	126	42	1219869	0.0000344
all	127	5	1219869	0.0000041
all	128	4	1219869	0.0000033
all	129	3	1219869	0.0000025
all	130	33	1219869	0.0000271
all	131	16	1219869	0.0000131
all	132	21	1219869	0.0000172
all	133	7	1219869	0.0000057
all	134	2	1219869	0.0000016
all	135	2	1219869	0.0000016
all	136	3	1219869	0.0000025
all	137	9	1219869	0.0000074
all	138	6	1219869	0.0000049
all	139	7	1219869	0.0000057
all	140	2	1219869	0.0000016
all	141	19	1219869	0.0000156
all	142	4	1219869	0.0000033
all	143	4	1219869	0.0000033
all	144	20	1219869	0.0000164
all	145	5	1219869	0.0000041
all	146	3	1219869	0.0000025
all	147	16	1219869	0.0000131
all	148	13	1219869	0.0000107
all	149	6	1219869	0.0000049
all	150	14	1219869	0.0000115
all	151	42	1219869	0.0000344
all	152	12	1219869	0.0000098
all	153	9	1219869	0.0000074
all	154	40	1219869	0.0000328
all	157	20	1219869	0.0000164
all	158	3	1219869	0.0000025
all	159	9	1219869	0.0000074
all	160	10	1219869	0.0000082
all	161	1	1219869	0.0000008
all	162	28	1219869	0.0000230
all	163	16	1219869	0.0000131
all	164	6	1219869	0.0000049
all	165	14	1219869	0.0000115
all	166	12	1219869	0.0000098
all	167	2	1219869	0.0000016
all	168	15	1219869	0.0000123
all	169	37	1219869	0.0000303
all	170	12	1219869	0.0000098
all	171	12	1219869	0.0000098
all	172	6	1219869	0.0000049
all	173	7	1219869	0.0000057
all	174	5	1219869	0.0000041
all	175	2	1219869	0.0000016
all	176	9	1219869	0.0000074
all	177	3	1219869	0.0000025
all	178	16	1219869	0.0000131
all	180	4	1219869	0.0000033
all	181	4	1219869	0.0000033
all	183	1	1219869	0.0000008
all	184	2	1219869	0.0000016
all	185	5	1219869	0.0000041
all	186	5	1219869	0.0000041
all	187	32	1219869	0.0000262
all	188	7	1219869	0.0000057
all	189	5	1219869	0.0000041
all	190	2	1219869	0.0000016
all	191	13	1219869	0.0000107
all	192	26	1219869	0.0000213
all	194	21	1219869	0.0000172
all	196	6	1219869	0.0000049
all	197	1	1219869	0.0000008
all	198	1	1219869	0.0000008
all	206	1	1219869	0.0000008
all	208	1	1219869	0.0000008
all	212	3	1219869	0.0000025
all	213	7	1219869	0.0000057
all	214	1	1219869	0.0000008
all	216	5	1219869	0.0000041
all	218	3	1219869	0.0000025
all	221	2	1219869	0.0000016
all	222	3	1219869	0.0000025
all	223	2	1219869	0.0000016
all	225	2	1219869	0.0000016
all	227	2	1219869	0.0000016
all	228	1	1219869	0.0000008
all	229	5	1219869	0.0000041
all	230	14	1219869	0.0000115
all	231	8	1219869	0.0000066
all	232	3	1219869	0.0000025
all	233	6	1219869	0.0000049
all	234	2	1219869	0.0000016
all	235	4	1219869	0.0000033
all	237	2	1219869	0.0000016
all	238	2	1219869	0.0000016
all	239	2	1219869	0.0000016
all	240	4	1219869	0.0000033
all	243	4	1219869	0.0000033
all	244	2	1219869	0.0000016
all	245	2	1219869	0.0000016
all	246	1	1219869	0.0000008
all	247	1	1219869	0.0000008
all	248	3	1219869	0.0000025
all	250	7	1219869	0.0000057
all	251	3	1219869	0.0000025
all	252	1	1219869	0.0000008
all	254	6	1219869	0.0000049
all	255	1	1219869	0.0000008
all	257	6	1219869	0.0000049
all	258	1	1219869	0.0000008
all	259	9	1219869	0.0000074
all	260	2	1219869	0.0000016
all	261	1	1219869	0.0000008
all	262	3	1219869	0.0000025
all	263	2	1219869	0.0000016
all	266	1	1219869	0.0000008
all	267	10	1219869	0.0000082
all	268	1	1219869	0.0000008
all	271	3	1219869	0.0000025
all	274	7	1219869	0.0000057
all	275	1	1219869	0.0000008
all	279	1	1219869	0.0000008
all	280	2	1219869	0.0000016
all	281	5	1219869	0.0000041
all	282	2	1219869	0.0000016
all	284	1	1219869	0.0000008
all	286	8	1219869	0.0000066
all	287	1	1219869	0.0000008
all	288	8	1219869	0.0000066
all	289	3	1219869	0.0000025
all	290	22	1219869	0.0000180
all	291	30	1219869	0.0000246
all	292	10	1219869	0.0000082
all	293	2	1219869	0.0000016
all	294	1	1219869	0.0000008
all	296	2	1219869	0.0000016
all	297	1	1219869	0.0000008
all	299	2	1219869	0.0000016
all	301	1	1219869	0.0000008
all	303	1	1219869	0.0000008
all	305	1	1219869	0.0000008
all	309	2	1219869	0.0000016
all	310	2	1219869	0.0000016
all	311	4	1219869	0.0000033
all	313	1	1219869	0.0000008
all	314	4	1219869	0.0000033
all	316	6	1219869	0.0000049
all	317	20	1219869	0.0000164
all	318	2	1219869	0.0000016
all	319	5	1219869	0.0000041
all	320	5	1219869	0.0000041
all	321	10	1219869	0.0000082
all	322	20	1219869	0.0000164
all	323	13	1219869	0.0000107
all	324	1	1219869	0.0000008
all	328	1	1219869	0.0000008
all	329	5	1219869	0.0000041
all	330	4	1219869	0.0000033
all	332	1	1219869	0.0000008
all	334	3	1219869	0.0000025
