all	0	80194	873377	0.0918206
all	1	26460	873377	0.0302962
all	2	72710	873377	0.0832516
all	3	42915	873377	0.0491369
all	4	66020	873377	0.0755916
all	5	45286	873377	0.0518516
all	6	57529	873377	0.0658696
all	7	43324	873377	0.0496052
all	8	48742	873377	0.0558087
all	9	37160	873377	0.0425475
all	10	40207	873377	0.0460362
all	11	35189	873377	0.0402907
all	12	32114	873377	0.0367699
all	13	28274	873377	0.0323732
all	14	24810	873377	0.0284070
all	15	23106	873377	0.0264559
all	16	19922	873377	0.0228103
all	17	17280	873377	0.0197853
all	18	14791	873377	0.0169354
all	19	13122	873377	0.0150244
all	20	11261	873377	0.0128936
all	21	10456	873377	0.0119719
all	22	9365	873377	0.0107227
all	23	8154	873377	0.0093362
all	24	6754	873377	0.0077332
all	25	6103	873377	0.0069878
all	26	5547	873377	0.0063512
all	27	4381	873377	0.0050162
all	28	3980	873377	0.0045570
all	29	3715	873377	0.0042536
all	30	3054	873377	0.0034968
all	31	2519	873377	0.0028842
all	32	2258	873377	0.0025854
all	33	2104	873377	0.0024090
all	34	1671	873377	0.0019133
all	35	1807	873377	0.0020690
all	36	1500	873377	0.0017175
all	37	1187	873377	0.0013591
all	38	1138	873377	0.0013030
all	39	921	873377	0.0010545
all	40	895	873377	0.0010248
all	41	786	873377	0.0009000
all	42	625	873377	0.0007156
all	43	612	873377	0.0007007
all	44	565	873377	0.0006469
all	45	738	873377	0.0008450
all	46	314	873377	0.0003595
all	47	506	873377	0.0005794
all	48	387	873377	0.0004431
all	49	379	873377	0.0004339
all	50	262	873377	0.0003000
all	51	315	873377	0.0003607
all	52	234	873377	0.0002679
all	53	224	873377	0.0002565
all	54	221	873377	0.0002530
all	55	344	873377	0.0003939
all	56	221	873377	0.0002530
all	57	198	873377	0.0002267
all	58	225	873377	0.0002576
all	59	233	873377	0.0002668
all	60	188	873377	0.0002153
all	61	175	873377	0.0002004
all	62	128	873377	0.0001466
all	63	169	873377	0.0001935
all	64	147	873377	0.0001683
all	65	102	873377	0.0001168
all	66	150	873377	0.0001717
all	67	109	873377	0.0001248
all	68	92	873377	0.0001053
all	69	154	873377	0.0001763
all	70	146	873377	0.0001672
all	71	139	873377	0.0001592
all	72	126	873377	0.0001443
all	73	124	873377	0.0001420
all	74	107	873377	0.0001225
all	75	122	873377	0.0001397
all	76	164	873377	0.0001878
all	77	95	873377	0.0001088
all	78	113	873377	0.0001294
all	79	79	873377	0.0000905
all	80	98	873377	0.0001122
all	81	122	873377	0.0001397
all	82	71	873377	0.0000813
all	83	91	873377	0.0001042
all	84	87	873377	0.0000996
all	85	72	873377	0.0000824
all	86	53	873377	0.0000607
all	87	92	873377	0.0001053
all	88	73	873377	0.0000836
all	89	58	873377	0.0000664
all	90	51	873377	0.0000584
all	91	48	873377	0.0000550
all	92	49	873377	0.0000561
all	93	29	873377	0.0000332
all	94	56	873377	0.0000641
all	95	32	873377	0.0000366
all	96	23	873377	0.0000263
all	97	68	873377	0.0000779
all	98	43	873377	0.0000492
all	99	26	873377	0.0000298
all	100	31	873377	0.0000355
all	101	29	873377	0.0000332
all	102	20	873377	0.0000229
all	103	51	873377	0.0000584
all	104	34	873377	0.0000389
all	105	40	873377	0.0000458
all	106	31	873377	0.0000355
all	107	28	873377	0.0000321
all	108	59	873377	0.0000676
all	109	26	873377	0.0000298
all	110	28	873377	0.0000321
all	111	50	873377	0.0000572
all	112	30	873377	0.0000343
all	113	33	873377	0.0000378
all	114	39	873377	0.0000447
all	115	48	873377	0.0000550
all	116	50	873377	0.0000572
all	117	45	873377	0.0000515
all	118	61	873377	0.0000698
all	119	36	873377	0.0000412
all	120	32	873377	0.0000366
all	121	48	873377	0.0000550
all	122	16	873377	0.0000183
all	123	34	873377	0.0000389
all	124	28	873377	0.0000321
all	125	25	873377	0.0000286
all	126	41	873377	0.0000469
all	127	26	873377	0.0000298
all	128	24	873377	0.0000275
all	129	15	873377	0.0000172
all	130	21	873377	0.0000240
all	131	21	873377	0.0000240
all	132	21	873377	0.0000240
all	133	24	873377	0.0000275
all	134	16	873377	0.0000183
all	135	33	873377	0.0000378
all	136	30	873377	0.0000343
all	137	25	873377	0.0000286
all	138	20	873377	0.0000229
all	139	11	873377	0.0000126
all	140	28	873377	0.0000321
all	141	27	873377	0.0000309
all	142	33	873377	0.0000378
all	143	39	873377	0.0000447
all	144	25	873377	0.0000286
all	145	16	873377	0.0000183
all	146	10	873377	0.0000114
all	147	20	873377	0.0000229
all	148	20	873377	0.0000229
all	149	24	873377	0.0000275
all	150	24	873377	0.0000275
all	151	25	873377	0.0000286
all	152	23	873377	0.0000263
all	153	12	873377	0.0000137
all	154	18	873377	0.0000206
all	155	27	873377	0.0000309
all	156	11	873377	0.0000126
all	157	18	873377	0.0000206
all	158	43	873377	0.0000492
all	159	21	873377	0.0000240
all	160	11	873377	0.0000126
all	161	13	873377	0.0000149
all	162	14	873377	0.0000160
all	163	17	873377	0.0000195
all	164	10	873377	0.0000114
all	165	16	873377	0.0000183
all	166	26	873377	0.0000298
all	167	19	873377	0.0000218
all	168	27	873377	0.0000309
all	169	21	873377	0.0000240
all	170	25	873377	0.0000286
all	171	27	873377	0.0000309
all	172	14	873377	0.0000160
all	173	29	873377	0.0000332
all	174	10	873377	0.0000114
all	175	13	873377	0.0000149
all	176	17	873377	0.0000195
all	177	24	873377	0.0000275
all	178	21	873377	0.0000240
all	179	10	873377	0.0000114
all	180	21	873377	0.0000240
all	181	19	873377	0.0000218
all	182	17	873377	0.0000195
all	183	7	873377	0.0000080
all	184	18	873377	0.0000206
all	185	15	873377	0.0000172
all	186	18	873377	0.0000206
all	187	9	873377	0.0000103
all	188	6	873377	0.0000069
all	189	16	873377	0.0000183
all	190	10	873377	0.0000114
all	191	20	873377	0.0000229
all	192	6	873377	0.0000069
all	193	7	873377	0.0000080
all	194	14	873377	0.0000160
all	195	6	873377	0.0000069
all	196	6	873377	0.0000069
all	197	8	873377	0.0000092
all	198	5	873377	0.0000057
all	199	13	873377	0.0000149
all	200	9	873377	0.0000103
all	201	16	873377	0.0000183
all	202	17	873377	0.0000195
all	203	14	873377	0.0000160
all	204	17	873377	0.0000195
all	205	14	873377	0.0000160
all	206	11	873377	0.0000126
all	207	6	873377	0.0000069
all	208	8	873377	0.0000092
all	209	8	873377	0.0000092
all	210	9	873377	0.0000103
all	211	4	873377	0.0000046
all	212	9	873377	0.0000103
all	213	8	873377	0.0000092
all	214	7	873377	0.0000080
all	215	6	873377	0.0000069
all	216	7	873377	0.0000080
all	217	16	873377	0.0000183
all	218	8	873377	0.0000092
all	219	7	873377	0.0000080
all	220	10	873377	0.0000114
all	221	6	873377	0.0000069
all	222	9	873377	0.0000103
all	223	5	873377	0.0000057
all	224	15	873377	0.0000172
all	225	13	873377	0.0000149
all	226	9	873377	0.0000103
all	227	10	873377	0.0000114
all	228	9	873377	0.0000103
all	229	7	873377	0.0000080
all	230	7	873377	0.0000080
all	231	22	873377	0.0000252
all	232	10	873377	0.0000114
all	233	16	873377	0.0000183
all	234	4	873377	0.0000046
all	235	8	873377	0.0000092
all	236	5	873377	0.0000057
all	237	9	873377	0.0000103
all	238	6	873377	0.0000069
all	239	8	873377	0.0000092
all	240	13	873377	0.0000149
all	241	13	873377	0.0000149
all	242	8	873377	0.0000092
all	243	12	873377	0.0000137
all	244	7	873377	0.0000080
all	245	7	873377	0.0000080
all	246	8	873377	0.0000092
all	247	6	873377	0.0000069
all	248	13	873377	0.0000149
all	249	9	873377	0.0000103
all	250	14	873377	0.0000160
all	251	9	873377	0.0000103
all	252	32	873377	0.0000366
all	253	6	873377	0.0000069
all	254	7	873377	0.0000080
all	255	8	873377	0.0000092
all	256	7	873377	0.0000080
all	257	7	873377	0.0000080
all	258	13	873377	0.0000149
all	259	17	873377	0.0000195
all	260	7	873377	0.0000080
all	261	15	873377	0.0000172
all	262	17	873377	0.0000195
all	263	9	873377	0.0000103
all	264	10	873377	0.0000114
all	265	2	873377	0.0000023
all	266	3	873377	0.0000034
all	267	6	873377	0.0000069
all	268	6	873377	0.0000069
all	269	5	873377	0.0000057
all	270	3	873377	0.0000034
all	271	10	873377	0.0000114
all	272	11	873377	0.0000126
all	273	4	873377	0.0000046
all	274	5	873377	0.0000057
all	276	4	873377	0.0000046
all	277	7	873377	0.0000080
all	278	3	873377	0.0000034
all	279	5	873377	0.0000057
all	280	4	873377	0.0000046
all	281	7	873377	0.0000080
all	282	3	873377	0.0000034
all	283	2	873377	0.0000023
all	284	5	873377	0.0000057
all	285	2	873377	0.0000023
all	286	3	873377	0.0000034
all	287	3	873377	0.0000034
all	288	13	873377	0.0000149
all	289	3	873377	0.0000034
all	290	3	873377	0.0000034
all	291	8	873377	0.0000092
all	292	6	873377	0.0000069
all	293	4	873377	0.0000046
all	294	4	873377	0.0000046
all	295	6	873377	0.0000069
all	296	6	873377	0.0000069
all	297	3	873377	0.0000034
all	298	22	873377	0.0000252
all	299	6	873377	0.0000069
all	300	5	873377	0.0000057
all	301	6	873377	0.0000069
all	302	6	873377	0.0000069
all	303	8	873377	0.0000092
all	304	8	873377	0.0000092
all	305	23	873377	0.0000263
all	306	3	873377	0.0000034
all	307	6	873377	0.0000069
all	308	2	873377	0.0000023
all	309	5	873377	0.0000057
all	310	5	873377	0.0000057
all	311	1	873377	0.0000011
all	312	3	873377	0.0000034
all	313	9	873377	0.0000103
all	314	14	873377	0.0000160
all	315	5	873377	0.0000057
all	316	6	873377	0.0000069
all	317	7	873377	0.0000080
all	318	4	873377	0.0000046
all	319	1	873377	0.0000011
all	320	6	873377	0.0000069
all	321	5	873377	0.0000057
all	322	3	873377	0.0000034
all	323	1	873377	0.0000011
all	325	3	873377	0.0000034
all	327	2	873377	0.0000023
all	328	5	873377	0.0000057
all	329	1	873377	0.0000011
all	330	4	873377	0.0000046
all	331	7	873377	0.0000080
all	332	5	873377	0.0000057
all	333	5	873377	0.0000057
all	334	5	873377	0.0000057
all	335	9	873377	0.0000103
all	336	9	873377	0.0000103
all	337	7	873377	0.0000080
all	338	2	873377	0.0000023
all	339	3	873377	0.0000034
all	340	5	873377	0.0000057
all	341	3	873377	0.0000034
all	342	6	873377	0.0000069
all	343	1	873377	0.0000011
all	344	4	873377	0.0000046
all	345	2	873377	0.0000023
all	346	2	873377	0.0000023
all	347	3	873377	0.0000034
all	348	4	873377	0.0000046
all	349	2	873377	0.0000023
all	350	7	873377	0.0000080
all	352	1	873377	0.0000011
all	353	5	873377	0.0000057
all	355	2	873377	0.0000023
all	356	2	873377	0.0000023
all	358	1	873377	0.0000011
all	359	2	873377	0.0000023
all	360	3	873377	0.0000034
all	361	2	873377	0.0000023
all	362	3	873377	0.0000034
all	363	5	873377	0.0000057
all	364	2	873377	0.0000023
all	365	1	873377	0.0000011
all	366	1	873377	0.0000011
all	367	1	873377	0.0000011
all	368	4	873377	0.0000046
all	369	2	873377	0.0000023
all	371	2	873377	0.0000023
all	372	4	873377	0.0000046
all	373	3	873377	0.0000034
all	374	2	873377	0.0000023
all	375	5	873377	0.0000057
all	376	2	873377	0.0000023
all	377	4	873377	0.0000046
all	378	12	873377	0.0000137
all	379	4	873377	0.0000046
all	380	4	873377	0.0000046
all	381	5	873377	0.0000057
all	382	3	873377	0.0000034
all	383	4	873377	0.0000046
all	384	3	873377	0.0000034
all	386	1	873377	0.0000011
all	388	1	873377	0.0000011
all	389	2	873377	0.0000023
all	390	4	873377	0.0000046
all	391	3	873377	0.0000034
all	392	4	873377	0.0000046
all	393	6	873377	0.0000069
all	394	1	873377	0.0000011
all	395	4	873377	0.0000046
all	396	3	873377	0.0000034
all	397	4	873377	0.0000046
all	398	1	873377	0.0000011
all	399	3	873377	0.0000034
all	400	5	873377	0.0000057
all	401	2	873377	0.0000023
all	403	2	873377	0.0000023
all	404	4	873377	0.0000046
all	405	2	873377	0.0000023
all	406	1	873377	0.0000011
all	407	1	873377	0.0000011
all	408	4	873377	0.0000046
all	409	3	873377	0.0000034
all	410	3	873377	0.0000034
all	411	3	873377	0.0000034
all	413	5	873377	0.0000057
all	414	2	873377	0.0000023
all	415	1	873377	0.0000011
all	416	7	873377	0.0000080
all	417	7	873377	0.0000080
all	418	2	873377	0.0000023
all	419	2	873377	0.0000023
all	420	5	873377	0.0000057
all	421	2	873377	0.0000023
all	422	4	873377	0.0000046
all	423	4	873377	0.0000046
all	424	3	873377	0.0000034
all	426	4	873377	0.0000046
all	427	2	873377	0.0000023
all	428	5	873377	0.0000057
all	429	1	873377	0.0000011
all	430	2	873377	0.0000023
all	431	1	873377	0.0000011
all	432	5	873377	0.0000057
all	433	5	873377	0.0000057
all	434	8	873377	0.0000092
all	435	3	873377	0.0000034
all	436	7	873377	0.0000080
all	437	3	873377	0.0000034
all	438	1	873377	0.0000011
all	439	3	873377	0.0000034
all	440	5	873377	0.0000057
all	442	2	873377	0.0000023
all	443	1	873377	0.0000011
all	444	15	873377	0.0000172
all	445	15	873377	0.0000172
all	446	8	873377	0.0000092
all	447	1	873377	0.0000011
all	448	7	873377	0.0000080
all	450	1	873377	0.0000011
all	451	3	873377	0.0000034
all	454	2	873377	0.0000023
all	455	1	873377	0.0000011
all	456	2	873377	0.0000023
all	457	3	873377	0.0000034
all	458	1	873377	0.0000011
all	459	1	873377	0.0000011
all	460	4	873377	0.0000046
all	461	7	873377	0.0000080
all	463	3	873377	0.0000034
all	464	1	873377	0.0000011
all	470	1	873377	0.0000011
all	472	1	873377	0.0000011
all	475	1	873377	0.0000011
all	476	1	873377	0.0000011
all	477	1	873377	0.0000011
all	478	2	873377	0.0000023
all	479	1	873377	0.0000011
all	484	1	873377	0.0000011
all	486	1	873377	0.0000011
all	488	5	873377	0.0000057
all	492	1	873377	0.0000011
all	493	2	873377	0.0000023
all	500	1	873377	0.0000011
all	505	2	873377	0.0000023
all	506	1	873377	0.0000011
all	507	1	873377	0.0000011
all	508	1	873377	0.0000011
all	509	1	873377	0.0000011
all	510	1	873377	0.0000011
all	518	3	873377	0.0000034
all	520	4	873377	0.0000046
all	523	1	873377	0.0000011
all	524	1	873377	0.0000011
all	527	1	873377	0.0000011
all	529	1	873377	0.0000011
all	531	1	873377	0.0000011
all	532	1	873377	0.0000011
all	533	1	873377	0.0000011
all	534	1	873377	0.0000011
all	535	7	873377	0.0000080
all	539	1	873377	0.0000011
all	543	1	873377	0.0000011
all	545	1	873377	0.0000011
all	551	1	873377	0.0000011
all	552	3	873377	0.0000034
all	554	1	873377	0.0000011
all	556	1	873377	0.0000011
all	561	1	873377	0.0000011
all	562	3	873377	0.0000034
all	564	1	873377	0.0000011
all	567	1	873377	0.0000011
all	572	1	873377	0.0000011
all	573	1	873377	0.0000011
all	575	1	873377	0.0000011
all	576	1	873377	0.0000011
all	577	1	873377	0.0000011
all	578	2	873377	0.0000023
all	582	1	873377	0.0000011
all	583	1	873377	0.0000011
all	588	2	873377	0.0000023
all	590	1	873377	0.0000011
all	594	1	873377	0.0000011
all	596	1	873377	0.0000011
all	600	1	873377	0.0000011
all	604	4	873377	0.0000046
all	605	1	873377	0.0000011
all	611	2	873377	0.0000023
all	614	1	873377	0.0000011
all	615	2	873377	0.0000023
all	617	1	873377	0.0000011
all	620	1	873377	0.0000011
all	621	1	873377	0.0000011
all	623	1	873377	0.0000011
all	624	1	873377	0.0000011
all	626	1	873377	0.0000011
all	627	5	873377	0.0000057
all	631	2	873377	0.0000023
all	632	1	873377	0.0000011
all	633	2	873377	0.0000023
all	634	1	873377	0.0000011
all	635	3	873377	0.0000034
all	636	2	873377	0.0000023
all	637	2	873377	0.0000023
all	640	2	873377	0.0000023
all	641	1	873377	0.0000011
all	642	1	873377	0.0000011
all	644	3	873377	0.0000034
all	645	3	873377	0.0000034
all	646	2	873377	0.0000023
all	647	2	873377	0.0000023
all	649	1	873377	0.0000011
all	652	1	873377	0.0000011
all	653	1	873377	0.0000011
all	655	1	873377	0.0000011
all	660	1	873377	0.0000011
all	663	1	873377	0.0000011
all	664	1	873377	0.0000011
all	668	1	873377	0.0000011
all	670	1	873377	0.0000011
all	675	1	873377	0.0000011
all	681	2	873377	0.0000023
all	684	1	873377	0.0000011
all	688	2	873377	0.0000023
all	691	1	873377	0.0000011
all	694	1	873377	0.0000011
all	701	1	873377	0.0000011
all	702	1	873377	0.0000011
all	704	1	873377	0.0000011
all	712	1	873377	0.0000011
all	713	1	873377	0.0000011
all	716	1	873377	0.0000011
all	717	1	873377	0.0000011
all	718	1	873377	0.0000011
all	725	1	873377	0.0000011
all	728	1	873377	0.0000011
all	731	1	873377	0.0000011
all	733	1	873377	0.0000011
all	741	1	873377	0.0000011
all	744	1	873377	0.0000011
all	746	1	873377	0.0000011
all	748	1	873377	0.0000011
all	751	1	873377	0.0000011
all	753	2	873377	0.0000023
all	757	1	873377	0.0000011
all	759	1	873377	0.0000011
all	763	1	873377	0.0000011
all	766	2	873377	0.0000023
all	771	1	873377	0.0000011
all	774	1	873377	0.0000011
all	777	1	873377	0.0000011
all	784	1	873377	0.0000011
all	785	1	873377	0.0000011
all	787	1	873377	0.0000011
all	788	1	873377	0.0000011
all	793	1	873377	0.0000011
all	795	1	873377	0.0000011
all	798	1	873377	0.0000011
all	799	1	873377	0.0000011
all	804	1	873377	0.0000011
all	807	1	873377	0.0000011
all	809	1	873377	0.0000011
all	811	1	873377	0.0000011
all	812	1	873377	0.0000011
all	822	1	873377	0.0000011
all	823	2	873377	0.0000023
all	826	4	873377	0.0000046
all	828	4	873377	0.0000046
all	829	2	873377	0.0000023
all	831	1	873377	0.0000011
all	833	1	873377	0.0000011
all	836	1	873377	0.0000011
all	837	1	873377	0.0000011
all	838	1	873377	0.0000011
all	844	4	873377	0.0000046
all	845	1	873377	0.0000011
all	846	1	873377	0.0000011
all	847	1	873377	0.0000011
all	848	2	873377	0.0000023
all	850	1	873377	0.0000011
all	851	1	873377	0.0000011
all	852	2	873377	0.0000023
all	854	1	873377	0.0000011
all	856	2	873377	0.0000023
all	857	1	873377	0.0000011
all	860	1	873377	0.0000011
all	861	1	873377	0.0000011
all	862	1	873377	0.0000011
all	863	2	873377	0.0000023
all	864	1	873377	0.0000011
all	865	4	873377	0.0000046
all	867	2	873377	0.0000023
all	869	2	873377	0.0000023
all	870	1	873377	0.0000011
all	871	3	873377	0.0000034
all	872	1	873377	0.0000011
all	873	1	873377	0.0000011
all	875	1	873377	0.0000011
all	876	6	873377	0.0000069
all	878	3	873377	0.0000034
all	880	1	873377	0.0000011
all	881	1	873377	0.0000011
all	882	1	873377	0.0000011
all	883	1	873377	0.0000011
all	891	1	873377	0.0000011
all	900	2	873377	0.0000023
all	905	1	873377	0.0000011
all	909	1	873377	0.0000011
all	917	1	873377	0.0000011
all	922	1	873377	0.0000011
all	925	1	873377	0.0000011
all	929	1	873377	0.0000011
all	934	1	873377	0.0000011
all	935	1	873377	0.0000011
all	943	1	873377	0.0000011
all	947	2	873377	0.0000023
all	949	1	873377	0.0000011
all	952	1	873377	0.0000011
all	956	1	873377	0.0000011
all	961	1	873377	0.0000011
all	964	1	873377	0.0000011
all	966	1	873377	0.0000011
all	967	1	873377	0.0000011
all	969	1	873377	0.0000011
all	973	1	873377	0.0000011
all	983	1	873377	0.0000011
all	996	2	873377	0.0000023
all	1005	1	873377	0.0000011
all	1006	1	873377	0.0000011
all	1009	1	873377	0.0000011
all	1013	1	873377	0.0000011
all	1018	1	873377	0.0000011
all	1021	1	873377	0.0000011
all	1025	1	873377	0.0000011
all	1026	1	873377	0.0000011
all	1030	1	873377	0.0000011
all	1033	1	873377	0.0000011
all	1036	1	873377	0.0000011
all	1041	1	873377	0.0000011
all	1046	3	873377	0.0000034
all	1051	1	873377	0.0000011
all	1052	1	873377	0.0000011
all	1057	1	873377	0.0000011
all	1058	1	873377	0.0000011
all	1065	1	873377	0.0000011
all	1067	1	873377	0.0000011
all	1068	1	873377	0.0000011
all	1069	2	873377	0.0000023
all	1072	1	873377	0.0000011
all	1073	1	873377	0.0000011
all	1080	1	873377	0.0000011
all	1081	3	873377	0.0000034
all	1084	1	873377	0.0000011
all	1085	1	873377	0.0000011
all	1091	1	873377	0.0000011
all	1092	1	873377	0.0000011
all	1093	3	873377	0.0000034
all	1094	1	873377	0.0000011
all	1095	2	873377	0.0000023
all	1096	1	873377	0.0000011
all	1107	1	873377	0.0000011
all	1152	1	873377	0.0000011
all	1194	1	873377	0.0000011
all	1229	1	873377	0.0000011
all	1244	1	873377	0.0000011
all	1263	1	873377	0.0000011
all	1274	1	873377	0.0000011
all	1280	1	873377	0.0000011
all	1287	1	873377	0.0000011
all	1302	1	873377	0.0000011
all	1313	1	873377	0.0000011
all	1319	1	873377	0.0000011
all	1337	1	873377	0.0000011
all	1340	1	873377	0.0000011
all	1354	2	873377	0.0000023
all	1364	1	873377	0.0000011
all	1373	1	873377	0.0000011
all	1376	1	873377	0.0000011
all	1386	2	873377	0.0000023
all	1398	1	873377	0.0000011
all	1406	1	873377	0.0000011
all	1408	1	873377	0.0000011
all	1410	1	873377	0.0000011
all	1418	1	873377	0.0000011
all	1421	1	873377	0.0000011
all	1422	1	873377	0.0000011
all	1447	1	873377	0.0000011
all	1448	1	873377	0.0000011
all	1452	1	873377	0.0000011
all	1467	1	873377	0.0000011
all	1473	1	873377	0.0000011
all	1479	1	873377	0.0000011
all	1488	1	873377	0.0000011
all	1500	1	873377	0.0000011
all	1515	1	873377	0.0000011
all	1516	1	873377	0.0000011
all	1519	1	873377	0.0000011
all	1542	1	873377	0.0000011
all	1543	1	873377	0.0000011
all	1551	1	873377	0.0000011
all	1561	1	873377	0.0000011
all	1562	1	873377	0.0000011
all	1571	1	873377	0.0000011
all	1575	1	873377	0.0000011
all	1580	1	873377	0.0000011
all	1582	1	873377	0.0000011
all	1591	1	873377	0.0000011
all	1607	1	873377	0.0000011
all	1612	1	873377	0.0000011
all	1619	2	873377	0.0000023
all	1625	1	873377	0.0000011
all	1635	1	873377	0.0000011
all	1638	1	873377	0.0000011
all	1641	1	873377	0.0000011
all	1644	1	873377	0.0000011
all	1646	1	873377	0.0000011
all	1652	1	873377	0.0000011
all	1657	1	873377	0.0000011
all	1658	1	873377	0.0000011
all	1659	1	873377	0.0000011
all	1661	1	873377	0.0000011
all	1666	1	873377	0.0000011
all	1671	1	873377	0.0000011
all	1672	1	873377	0.0000011
all	1673	1	873377	0.0000011
all	1674	1	873377	0.0000011
all	1679	1	873377	0.0000011
all	1683	1	873377	0.0000011
all	1689	1	873377	0.0000011
all	1690	2	873377	0.0000023
all	1693	1	873377	0.0000011
all	1701	1	873377	0.0000011
all	1702	1	873377	0.0000011
all	1704	1	873377	0.0000011
all	1706	2	873377	0.0000023
all	1708	2	873377	0.0000023
all	1712	1	873377	0.0000011
all	1716	1	873377	0.0000011
all	1717	1	873377	0.0000011
all	1719	1	873377	0.0000011
all	1721	1	873377	0.0000011
all	1724	1	873377	0.0000011
